Cancer id,Cancer label,Population id,Country label,Sex,Type,Year,ASR (World),Crude rate,Cumulative risk,Total
1,"Lip,  oral cavity and pharynx ",76,Brazil,1,1,2000,5.998721741,4.361815499,,3771
1,"Lip,  oral cavity and pharynx ",76,Brazil,1,1,2001,5.817052971,4.359508608,,3817
1,"Lip,  oral cavity and pharynx ",76,Brazil,1,1,2002,6.052887662,4.61438593,,4089
1,"Lip,  oral cavity and pharynx ",76,Brazil,1,1,2003,6.247090543,4.874508925,,4369
1,"Lip,  oral cavity and pharynx ",76,Brazil,1,1,2004,6.15344758,4.873593594,,4416
1,"Lip,  oral cavity and pharynx ",76,Brazil,1,1,2005,6.266969525,5.111826864,,4681
1,"Lip,  oral cavity and pharynx ",76,Brazil,1,1,2006,6.020377247,5.04383101,,4666
1,"Lip,  oral cavity and pharynx ",76,Brazil,1,1,2007,5.998343013,5.152414342,,4813
1,"Lip,  oral cavity and pharynx ",76,Brazil,1,1,2008,5.980539753,5.237993368,,4938
1,"Lip,  oral cavity and pharynx ",76,Brazil,1,1,2009,5.981571698,5.400642226,,5135
1,"Lip,  oral cavity and pharynx ",76,Brazil,1,1,2010,6.015406021,5.602833623,,5370
1,"Lip,  oral cavity and pharynx ",76,Brazil,1,1,2011,5.918961601,5.666389951,,5473
1,"Lip,  oral cavity and pharynx ",76,Brazil,1,1,2012,5.764571389,5.691784409,,5540
1,"Lip,  oral cavity and pharynx ",76,Brazil,1,1,2013,5.663422476,5.752148408,,5642
1,"Lip,  oral cavity and pharynx ",76,Brazil,1,1,2014,5.620328631,5.830660913,,5763
1,"Lip,  oral cavity and pharynx ",76,Brazil,1,1,2015,5.783061904,6.170456,,6145
1,"Lip,  oral cavity and pharynx ",76,Brazil,1,1,2016,5.804833893,6.33438005,,6354
1,"Lip,  oral cavity and pharynx ",76,Brazil,1,1,2017,5.713803356,6.386029957,,6450
1,"Lip,  oral cavity and pharynx ",76,Brazil,1,1,2018,5.507544574,6.323378284,,6428
1,"Lip,  oral cavity and pharynx ",76,Brazil,1,1,2019,5.441824558,6.415675633,,6562
1,"Lip,  oral cavity and pharynx ",76,Brazil,1,1,2020,5.000752776,6.036299102,,6208
1,"Lip,  oral cavity and pharynx ",76,Brazil,1,1,2021,4.958079113,6.098620289,,6296
10,Larynx,76,Brazil,1,1,2000,3.561758521,2.511138013,,2171
10,Larynx,76,Brazil,1,1,2001,3.667022561,2.648598497,,2319
10,Larynx,76,Brazil,1,1,2002,3.747758492,2.773822601,,2458
10,Larynx,76,Brazil,1,1,2003,3.563552018,2.702234062,,2422
10,Larynx,76,Brazil,1,1,2004,3.714904918,2.883763601,,2613
10,Larynx,76,Brazil,1,1,2005,3.834118662,3.043508111,,2787
10,Larynx,76,Brazil,1,1,2006,3.839094488,3.125099754,,2891
10,Larynx,76,Brazil,1,1,2007,3.800666539,3.190150579,,2980
10,Larynx,76,Brazil,1,1,2008,3.868756776,3.351976315,,3160
10,Larynx,76,Brazil,1,1,2009,3.640197952,3.236178409,,3077
10,Larynx,76,Brazil,1,1,2010,3.619428817,3.325182636,,3187
10,Larynx,76,Brazil,1,1,2011,3.693452156,3.48493853,,3366
10,Larynx,76,Brazil,1,1,2012,4.009358564,3.885618887,,3782
10,Larynx,76,Brazil,1,1,2013,3.702831833,3.704946351,,3634
10,Larynx,76,Brazil,1,1,2014,3.554303431,3.66452435,,3622
10,Larynx,76,Brazil,1,1,2015,3.61179472,3.824778992,,3809
10,Larynx,76,Brazil,1,1,2016,3.527006215,3.837115016,,3849
10,Larynx,76,Brazil,1,1,2017,3.447877045,3.860330357,,3899
10,Larynx,76,Brazil,1,1,2018,3.301550476,3.795207439,,3858
10,Larynx,76,Brazil,1,1,2019,3.281398592,3.894184097,,3983
10,Larynx,76,Brazil,1,1,2020,3.121169544,3.788244411,,3896
10,Larynx,76,Brazil,1,1,2021,3.095905712,3.83197933,,3956
106,Colorectum,76,Brazil,1,1,2000,6.024961241,4.165181016,,3601
106,Colorectum,76,Brazil,1,1,2001,6.174116272,4.364077126,,3821
106,Colorectum,76,Brazil,1,1,2002,6.414440584,4.612128955,,4087
106,Colorectum,76,Brazil,1,1,2003,6.413436029,4.714963314,,4226
106,Colorectum,76,Brazil,1,1,2004,6.389751623,4.871386351,,4414
106,Colorectum,76,Brazil,1,1,2005,6.804714265,5.283276729,,4838
106,Colorectum,76,Brazil,1,1,2006,6.951326992,5.556213329,,5140
106,Colorectum,76,Brazil,1,1,2007,6.902745211,5.679110343,,5305
106,Colorectum,76,Brazil,1,1,2008,7.404635897,6.225553479,,5869
106,Colorectum,76,Brazil,1,1,2009,7.027643313,6.148423458,,5846
106,Colorectum,76,Brazil,1,1,2010,7.467458889,6.731747214,,6452
106,Colorectum,76,Brazil,1,1,2011,7.56412489,7.056845223,,6816
106,Colorectum,76,Brazil,1,1,2012,7.504420296,7.192812752,,7001
106,Colorectum,76,Brazil,1,1,2013,7.591584881,7.531215932,,7387
106,Colorectum,76,Brazil,1,1,2014,7.747228288,7.955316113,,7863
106,Colorectum,76,Brazil,1,1,2015,7.750911775,8.195811534,,8162
106,Colorectum,76,Brazil,1,1,2016,8.077953751,8.801737718,,8829
106,Colorectum,76,Brazil,1,1,2017,8.100985069,9.115686482,,9207
106,Colorectum,76,Brazil,1,1,2018,8.143501146,9.450637083,,9607
106,Colorectum,76,Brazil,1,1,2019,8.34367006,9.963753486,,10191
106,Colorectum,76,Brazil,1,1,2020,7.845373769,9.615489984,,9889
106,Colorectum,76,Brazil,1,1,2021,8.224275439,10.32774611,,10662
11,Lung,76,Brazil,1,1,2000,17.2158986,11.69396836,,10110
11,Lung,76,Brazil,1,1,2001,17.13668705,11.91126939,,10429
11,Lung,76,Brazil,1,1,2002,17.06904414,12.10754381,,10729
11,Lung,76,Brazil,1,1,2003,16.96613408,12.32852452,,11050
11,Lung,76,Brazil,1,1,2004,17.34380165,12.93775763,,11723
11,Lung,76,Brazil,1,1,2005,17.11869603,13.10008012,,11996
11,Lung,76,Brazil,1,1,2006,16.62170988,13.09385449,,12113
11,Lung,76,Brazil,1,1,2007,16.97222072,13.70158969,,12799
11,Lung,76,Brazil,1,1,2008,16.68599385,13.90539795,,13109
11,Lung,76,Brazil,1,1,2009,16.21717879,13.97330723,,13286
11,Lung,76,Brazil,1,1,2010,16.01488678,14.26479354,,13672
11,Lung,76,Brazil,1,1,2011,15.41193652,14.17270456,,13689
11,Lung,76,Brazil,1,1,2012,15.39589722,14.65891335,,14268
11,Lung,76,Brazil,1,1,2013,15.32192057,15.09199803,,14803
11,Lung,76,Brazil,1,1,2014,15.04669297,15.3015644,,15124
11,Lung,76,Brazil,1,1,2015,14.79791942,15.57525517,,15511
11,Lung,76,Brazil,1,1,2016,14.66441216,15.91470619,,15964
11,Lung,76,Brazil,1,1,2017,14.23480905,15.97299555,,16133
11,Lung,76,Brazil,1,1,2018,13.91825416,16.1025792,,16369
11,Lung,76,Brazil,1,1,2019,13.68411593,16.35791969,,16731
11,Lung,76,Brazil,1,1,2020,12.61562138,15.56427831,,16007
11,Lung,76,Brazil,1,1,2021,12.22960376,15.48580727,,15987
12,Melanoma of skin,76,Brazil,1,1,2000,0.8748866972,0.6546771605,,566
12,Melanoma of skin,76,Brazil,1,1,2001,0.9321916377,0.6989833031,,612
12,Melanoma of skin,76,Brazil,1,1,2002,0.8547850158,0.6748356043,,598
12,Melanoma of skin,76,Brazil,1,1,2003,0.8336108398,0.6549179993,,587
12,Melanoma of skin,76,Brazil,1,1,2004,0.822665139,0.6654839079,,603
12,Melanoma of skin,76,Brazil,1,1,2005,0.8479396791,0.7032720573,,644
12,Melanoma of skin,76,Brazil,1,1,2006,0.9238650109,0.7728973794,,715
12,Melanoma of skin,76,Brazil,1,1,2007,0.9464308986,0.8061018074,,753
12,Melanoma of skin,76,Brazil,1,1,2008,0.903101018,0.7998070068,,754
12,Melanoma of skin,76,Brazil,1,1,2009,0.9616161177,0.8697821073,,827
12,Melanoma of skin,76,Brazil,1,1,2010,0.9509239449,0.8774642602,,841
12,Melanoma of skin,76,Brazil,1,1,2011,0.9216118561,0.8758936412,,846
12,Melanoma of skin,76,Brazil,1,1,2012,0.9400114455,0.9164389336,,892
12,Melanoma of skin,76,Brazil,1,1,2013,0.9133425268,0.9206292116,,903
12,Melanoma of skin,76,Brazil,1,1,2014,0.8996659976,0.9267543635,,916
12,Melanoma of skin,76,Brazil,1,1,2015,0.961819172,1.016192266,,1012
12,Melanoma of skin,76,Brazil,1,1,2016,0.9431104301,1.032801028,,1036
12,Melanoma of skin,76,Brazil,1,1,2017,0.9076632601,1.020774711,,1031
12,Melanoma of skin,76,Brazil,1,1,2018,0.8768781925,1.021105578,,1038
12,Melanoma of skin,76,Brazil,1,1,2019,0.9529161439,1.133155754,,1159
12,Melanoma of skin,76,Brazil,1,1,2020,0.883022238,1.089023034,,1120
12,Melanoma of skin,76,Brazil,1,1,2021,0.8226155287,1.023863031,,1057
19,Prostate,76,Brazil,1,1,2000,14.25459747,8.658857286,,7486
19,Prostate,76,Brazil,1,1,2001,14.77528124,9.172442659,,8031
19,Prostate,76,Brazil,1,1,2002,14.86020625,9.463497287,,8386
19,Prostate,76,Brazil,1,1,2003,15.31041459,10.01009249,,8972
19,Prostate,76,Brazil,1,1,2004,15.72673551,10.57711074,,9584
19,Prostate,76,Brazil,1,1,2005,16.12629903,11.15079344,,10211
19,Prostate,76,Brazil,1,1,2006,16.67838336,11.89289087,,11002
19,Prostate,76,Brazil,1,1,2007,16.57149668,12.28422077,,11475
19,Prostate,76,Brazil,1,1,2008,16.63018853,12.80751963,,12074
19,Prostate,76,Brazil,1,1,2009,16.17408236,12.90790303,,12273
19,Prostate,76,Brazil,1,1,2010,16.05729796,13.33098793,,12777
19,Prostate,76,Brazil,1,1,2011,15.65682652,13.59188147,,13128
19,Prostate,76,Brazil,1,1,2012,15.12075016,13.71884426,,13353
19,Prostate,76,Brazil,1,1,2013,14.88510744,14.03883084,,13770
19,Prostate,76,Brazil,1,1,2014,14.52113261,14.32624649,,14160
19,Prostate,76,Brazil,1,1,2015,14.13356869,14.54199248,,14482
19,Prostate,76,Brazil,1,1,2016,13.88233205,14.87891442,,14925
19,Prostate,76,Brazil,1,1,2017,13.63595235,15.23835458,,15391
19,Prostate,76,Brazil,1,1,2018,13.13132902,15.3215023,,15575
19,Prostate,76,Brazil,1,1,2019,12.91157976,15.62464375,,15981
19,Prostate,76,Brazil,1,1,2020,12.26632577,15.40286953,,15841
19,Prostate,76,Brazil,1,1,2021,12.21066249,15.78802606,,16299
2,Oesophagus,76,Brazil,1,1,2000,6.838986725,4.812918136,,4161
2,Oesophagus,76,Brazil,1,1,2001,6.643411031,4.790091459,,4194
2,Oesophagus,76,Brazil,1,1,2002,6.776057718,5.016127527,,4445
2,Oesophagus,76,Brazil,1,1,2003,6.780126146,5.103228158,,4574
2,Oesophagus,76,Brazil,1,1,2004,7.001364612,5.422093598,,4913
2,Oesophagus,76,Brazil,1,1,2005,6.900857955,5.479843453,,5018
2,Oesophagus,76,Brazil,1,1,2006,6.994150364,5.661067939,,5237
2,Oesophagus,76,Brazil,1,1,2007,6.820326177,5.721931156,,5345
2,Oesophagus,76,Brazil,1,1,2008,6.838760168,5.895659607,,5558
2,Oesophagus,76,Brazil,1,1,2009,6.710472796,5.962266949,,5669
2,Oesophagus,76,Brazil,1,1,2010,6.744381206,6.177724001,,5921
2,Oesophagus,76,Brazil,1,1,2011,6.538569545,6.167492223,,5957
2,Oesophagus,76,Brazil,1,1,2012,6.323637805,6.14794908,,5984
2,Oesophagus,76,Brazil,1,1,2013,6.309303354,6.322061729,,6201
2,Oesophagus,76,Brazil,1,1,2014,6.170231572,6.347660345,,6274
2,Oesophagus,76,Brazil,1,1,2015,6.183721767,6.550021886,,6523
2,Oesophagus,76,Brazil,1,1,2016,5.920199176,6.478932317,,6499
2,Oesophagus,76,Brazil,1,1,2017,5.861443214,6.579095978,,6645
2,Oesophagus,76,Brazil,1,1,2018,5.768851554,6.644072328,,6754
2,Oesophagus,76,Brazil,1,1,2019,5.608402075,6.649346233,,6801
2,Oesophagus,76,Brazil,1,1,2020,5.165868865,6.28424631,,6463
2,Oesophagus,76,Brazil,1,1,2021,5.15888586,6.404713683,,6612
20,Testis,76,Brazil,1,1,2000,0.2069471223,0.210514564,,182
20,Testis,76,Brazil,1,1,2001,0.2084376372,0.2135782315,,187
20,Testis,76,Brazil,1,1,2002,0.2280561722,0.2302114771,,204
20,Testis,76,Brazil,1,1,2003,0.2627816196,0.2644217476,,237
20,Testis,76,Brazil,1,1,2004,0.2312142812,0.2461076475,,223
20,Testis,76,Brazil,1,1,2005,0.258760486,0.2620889655,,240
20,Testis,76,Brazil,1,1,2006,0.275771988,0.2842965186,,263
20,Testis,76,Brazil,1,1,2007,0.260163535,0.2751237245,,257
20,Testis,76,Brazil,1,1,2008,0.2809842401,0.2991320635,,282
20,Testis,76,Brazil,1,1,2009,0.2550501605,0.2787088978,,265
20,Testis,76,Brazil,1,1,2010,0.2721116173,0.2973570917,,285
20,Testis,76,Brazil,1,1,2011,0.2754144325,0.3064592409,,296
20,Testis,76,Brazil,1,1,2012,0.2819469089,0.3143837597,,306
20,Testis,76,Brazil,1,1,2013,0.3130208851,0.3496963672,,343
20,Testis,76,Brazil,1,1,2014,0.2956055066,0.332862648,,329
20,Testis,76,Brazil,1,1,2015,0.3188965224,0.3604871772,,359
20,Testis,76,Brazil,1,1,2016,0.2792938044,0.3120335152,,313
20,Testis,76,Brazil,1,1,2017,0.3555185874,0.399003112,,403
20,Testis,76,Brazil,1,1,2018,0.3423534076,0.3885710053,,395
20,Testis,76,Brazil,1,1,2019,0.3857921592,0.4360547596,,446
20,Testis,76,Brazil,1,1,2020,0.3677723906,0.4181070576,,430
20,Testis,76,Brazil,1,1,2021,0.3730390472,0.4252373423,,439
21,Kidney,76,Brazil,1,1,2000,1.465748018,1.038692739,,898
21,Kidney,76,Brazil,1,1,2001,1.444499352,1.049617084,,919
21,Kidney,76,Brazil,1,1,2002,1.500393119,1.100275442,,975
21,Kidney,76,Brazil,1,1,2003,1.509244317,1.13243913,,1015
21,Kidney,76,Brazil,1,1,2004,1.572304174,1.220605642,,1106
21,Kidney,76,Brazil,1,1,2005,1.512447853,1.194688868,,1094
21,Kidney,76,Brazil,1,1,2006,1.699546578,1.362028948,,1260
21,Kidney,76,Brazil,1,1,2007,1.66680575,1.372407061,,1282
21,Kidney,76,Brazil,1,1,2008,1.726875052,1.47020227,,1386
21,Kidney,76,Brazil,1,1,2009,1.682664049,1.473476097,,1401
21,Kidney,76,Brazil,1,1,2010,1.713236558,1.546256877,,1482
21,Kidney,76,Brazil,1,1,2011,1.743890821,1.606840344,,1552
21,Kidney,76,Brazil,1,1,2012,1.776029817,1.695206548,,1650
21,Kidney,76,Brazil,1,1,2013,1.820370102,1.79843846,,1764
21,Kidney,76,Brazil,1,1,2014,1.751148359,1.782686887,,1762
21,Kidney,76,Brazil,1,1,2015,1.880740442,1.970127693,,1962
21,Kidney,76,Brazil,1,1,2016,1.911576156,2.046660724,,2053
21,Kidney,76,Brazil,1,1,2017,1.919589075,2.139567556,,2161
21,Kidney,76,Brazil,1,1,2018,1.963482941,2.250760658,,2288
21,Kidney,76,Brazil,1,1,2019,1.937701265,2.285865533,,2338
21,Kidney,76,Brazil,1,1,2020,1.811621897,2.187769488,,2250
21,Kidney,76,Brazil,1,1,2021,1.688091308,2.093252612,,2161
22,Bladder,76,Brazil,1,1,2000,2.579883819,1.648259636,,1425
22,Bladder,76,Brazil,1,1,2001,2.647249931,1.7143365,,1501
22,Bladder,76,Brazil,1,1,2002,2.699511171,1.78752441,,1584
22,Bladder,76,Brazil,1,1,2003,2.681616137,1.83756379,,1647
22,Bladder,76,Brazil,1,1,2004,2.628461467,1.85408452,,1680
22,Bladder,76,Brazil,1,1,2005,2.691931535,1.951470755,,1787
22,Bladder,76,Brazil,1,1,2006,2.676524491,1.998723433,,1849
22,Bladder,76,Brazil,1,1,2007,2.596564896,1.995449893,,1864
22,Bladder,76,Brazil,1,1,2008,2.608568492,2.088620685,,1969
22,Bladder,76,Brazil,1,1,2009,2.65130342,2.198119231,,2090
22,Bladder,76,Brazil,1,1,2010,2.705421804,2.323558748,,2227
22,Bladder,76,Brazil,1,1,2011,2.645388753,2.359529088,,2279
22,Bladder,76,Brazil,1,1,2012,2.490007906,2.298289119,,2237
22,Bladder,76,Brazil,1,1,2013,2.714445422,2.591627305,,2542
22,Bladder,76,Brazil,1,1,2014,2.593129879,2.589044122,,2559
22,Bladder,76,Brazil,1,1,2015,2.58449128,2.673027481,,2662
22,Bladder,76,Brazil,1,1,2016,2.546591204,2.752474554,,2761
22,Bladder,76,Brazil,1,1,2017,2.671472071,2.990048135,,3020
22,Bladder,76,Brazil,1,1,2018,2.541507167,2.949204744,,2998
22,Bladder,76,Brazil,1,1,2019,2.526785807,3.044561707,,3114
22,Bladder,76,Brazil,1,1,2020,2.425816345,3.011343157,,3097
22,Bladder,76,Brazil,1,1,2021,2.517092944,3.220761191,,3325
23,Brain and central nervous system,76,Brazil,1,1,2000,3.886433433,3.106824829,,2686
23,Brain and central nervous system,76,Brazil,1,1,2001,4.007246959,3.253927174,,2849
23,Brain and central nervous system,76,Brazil,1,1,2002,3.923340857,3.238759506,,2870
23,Brain and central nervous system,76,Brazil,1,1,2003,4.004606263,3.351573543,,3004
23,Brain and central nervous system,76,Brazil,1,1,2004,4.062638923,3.417916522,,3097
23,Brain and central nervous system,76,Brazil,1,1,2005,4.304187992,3.714019048,,3401
23,Brain and central nervous system,76,Brazil,1,1,2006,4.06307739,3.539113315,,3274
23,Brain and central nervous system,76,Brazil,1,1,2007,4.252675649,3.804629248,,3554
23,Brain and central nervous system,76,Brazil,1,1,2008,4.188151708,3.808099674,,3590
23,Brain and central nervous system,76,Brazil,1,1,2009,4.298323258,3.968183665,,3773
23,Brain and central nervous system,76,Brazil,1,1,2010,4.422345619,4.184909807,,4011
23,Brain and central nervous system,76,Brazil,1,1,2011,4.433942631,4.263510656,,4118
23,Brain and central nervous system,76,Brazil,1,1,2012,4.447060039,4.369523301,,4253
23,Brain and central nervous system,76,Brazil,1,1,2013,4.440021194,4.455315232,,4370
23,Brain and central nervous system,76,Brazil,1,1,2014,4.517472013,4.613537006,,4560
23,Brain and central nervous system,76,Brazil,1,1,2015,4.509853725,4.735536289,,4716
23,Brain and central nervous system,76,Brazil,1,1,2016,4.309426044,4.620687997,,4635
23,Brain and central nervous system,76,Brazil,1,1,2017,4.348589045,4.745463811,,4793
23,Brain and central nervous system,76,Brazil,1,1,2018,4.223621104,4.72482668,,4803
23,Brain and central nervous system,76,Brazil,1,1,2019,4.318497628,4.935435933,,5048
23,Brain and central nervous system,76,Brazil,1,1,2020,3.992279868,4.653628786,,4786
23,Brain and central nervous system,76,Brazil,1,1,2021,4.098284238,4.838406662,,4995
24,Thyroid,76,Brazil,1,1,2000,0.1888757929,0.137644138,,119
24,Thyroid,76,Brazil,1,1,2001,0.2321229007,0.16332453,,143
24,Thyroid,76,Brazil,1,1,2002,0.2217731958,0.1647591944,,146
24,Thyroid,76,Brazil,1,1,2003,0.2169468275,0.1595456114,,143
24,Thyroid,76,Brazil,1,1,2004,0.2176951782,0.1677505041,,152
24,Thyroid,76,Brazil,1,1,2005,0.245054389,0.1900145,,174
24,Thyroid,76,Brazil,1,1,2006,0.2284279121,0.1794419091,,166
24,Thyroid,76,Brazil,1,1,2007,0.2361089123,0.1916231388,,179
24,Thyroid,76,Brazil,1,1,2008,0.2383128179,0.2015428797,,190
24,Thyroid,76,Brazil,1,1,2009,0.2308987335,0.2103463379,,200
24,Thyroid,76,Brazil,1,1,2010,0.2304932078,0.2076282851,,199
24,Thyroid,76,Brazil,1,1,2011,0.2419450646,0.2257030896,,218
24,Thyroid,76,Brazil,1,1,2012,0.1929481635,0.1828768276,,178
24,Thyroid,76,Brazil,1,1,2013,0.2515600995,0.2477440736,,243
24,Thyroid,76,Brazil,1,1,2014,0.2457649441,0.2509116617,,248
24,Thyroid,76,Brazil,1,1,2015,0.2268721411,0.2399900706,,239
24,Thyroid,76,Brazil,1,1,2016,0.21886833,0.2392589254,,240
24,Thyroid,76,Brazil,1,1,2017,0.2424145305,0.2762329237,,279
24,Thyroid,76,Brazil,1,1,2018,0.2293596348,0.2665892214,,271
24,Thyroid,76,Brazil,1,1,2019,0.2447600565,0.2913549739,,298
24,Thyroid,76,Brazil,1,1,2020,0.2310061447,0.2800344944,,288
24,Thyroid,76,Brazil,1,1,2021,0.2574747227,0.327403694,,338
25,Hodgkin lymphoma,76,Brazil,1,1,2000,0.3136566696,0.275288276,,238
25,Hodgkin lymphoma,76,Brazil,1,1,2001,0.3320965672,0.2878166542,,252
25,Hodgkin lymphoma,76,Brazil,1,1,2002,0.2725600321,0.2437533287,,216
25,Hodgkin lymphoma,76,Brazil,1,1,2003,0.3128757013,0.2867358191,,257
25,Hodgkin lymphoma,76,Brazil,1,1,2004,0.3263240126,0.2968742475,,269
25,Hodgkin lymphoma,76,Brazil,1,1,2005,0.2885876324,0.2741013764,,251
25,Hodgkin lymphoma,76,Brazil,1,1,2006,0.266968184,0.2518672579,,233
25,Hodgkin lymphoma,76,Brazil,1,1,2007,0.2919005615,0.2761942448,,258
25,Hodgkin lymphoma,76,Brazil,1,1,2008,0.2835099576,0.2757955196,,260
25,Hodgkin lymphoma,76,Brazil,1,1,2009,0.2893867744,0.2776571661,,264
25,Hodgkin lymphoma,76,Brazil,1,1,2010,0.2695776106,0.2712731363,,260
25,Hodgkin lymphoma,76,Brazil,1,1,2011,0.286499107,0.2950705529,,285
25,Hodgkin lymphoma,76,Brazil,1,1,2012,0.3091124552,0.3215755451,,313
25,Hodgkin lymphoma,76,Brazil,1,1,2013,0.2786223433,0.2966811745,,291
25,Hodgkin lymphoma,76,Brazil,1,1,2014,0.2883577378,0.3095926149,,306
25,Hodgkin lymphoma,76,Brazil,1,1,2015,0.3016481702,0.3253421878,,324
25,Hodgkin lymphoma,76,Brazil,1,1,2016,0.2848379258,0.311036603,,312
25,Hodgkin lymphoma,76,Brazil,1,1,2017,0.3148018907,0.3514791681,,355
25,Hodgkin lymphoma,76,Brazil,1,1,2018,0.2431215459,0.2774101861,,282
25,Hodgkin lymphoma,76,Brazil,1,1,2019,0.2571974216,0.3001542852,,307
25,Hodgkin lymphoma,76,Brazil,1,1,2020,0.2120185474,0.2489195506,,256
25,Hodgkin lymphoma,76,Brazil,1,1,2021,0.2469691602,0.2925322947,,302
26,Non-Hodgkin lymphoma,76,Brazil,1,1,2000,2.463567331,1.881907668,,1627
26,Non-Hodgkin lymphoma,76,Brazil,1,1,2001,2.418165086,1.883371678,,1649
26,Non-Hodgkin lymphoma,76,Brazil,1,1,2002,2.422395775,1.921814438,,1703
26,Non-Hodgkin lymphoma,76,Brazil,1,1,2003,2.454384264,1.980373848,,1775
26,Non-Hodgkin lymphoma,76,Brazil,1,1,2004,2.460787358,2.000866211,,1813
26,Non-Hodgkin lymphoma,76,Brazil,1,1,2005,2.317020538,1.943826494,,1780
26,Non-Hodgkin lymphoma,76,Brazil,1,1,2006,2.479593183,2.112225845,,1954
26,Non-Hodgkin lymphoma,76,Brazil,1,1,2007,2.525130832,2.21383604,,2068
26,Non-Hodgkin lymphoma,76,Brazil,1,1,2008,2.432784929,2.158630317,,2035
26,Non-Hodgkin lymphoma,76,Brazil,1,1,2009,2.396777638,2.198119231,,2090
26,Non-Hodgkin lymphoma,76,Brazil,1,1,2010,2.330435411,2.178531956,,2088
26,Non-Hodgkin lymphoma,76,Brazil,1,1,2011,2.390998858,2.278772937,,2201
26,Non-Hodgkin lymphoma,76,Brazil,1,1,2012,2.485663424,2.441097429,,2376
26,Non-Hodgkin lymphoma,76,Brazil,1,1,2013,2.338526341,2.35407846,,2309
26,Non-Hodgkin lymphoma,76,Brazil,1,1,2014,2.321216732,2.403895598,,2376
26,Non-Hodgkin lymphoma,76,Brazil,1,1,2015,2.317244941,2.448099549,,2438
26,Non-Hodgkin lymphoma,76,Brazil,1,1,2016,2.324776302,2.528169312,,2536
26,Non-Hodgkin lymphoma,76,Brazil,1,1,2017,2.215223813,2.47520541,,2500
26,Non-Hodgkin lymphoma,76,Brazil,1,1,2018,2.097248234,2.390449476,,2430
26,Non-Hodgkin lymphoma,76,Brazil,1,1,2019,2.251505679,2.640771089,,2701
26,Non-Hodgkin lymphoma,76,Brazil,1,1,2020,1.976669711,2.359874021,,2427
26,Non-Hodgkin lymphoma,76,Brazil,1,1,2021,1.980244975,2.418719006,,2497
27,Multiple myeloma,76,Brazil,1,1,2000,1.070327306,0.744897688,,644
27,Multiple myeloma,76,Brazil,1,1,2001,1.094003722,0.7743638554,,678
27,Multiple myeloma,76,Brazil,1,1,2002,1.163625209,0.8407232863,,745
27,Multiple myeloma,76,Brazil,1,1,2003,1.30864196,0.9617364828,,862
27,Multiple myeloma,76,Brazil,1,1,2004,1.24136993,0.9424929641,,854
27,Multiple myeloma,76,Brazil,1,1,2005,1.279371121,0.9861097326,,903
27,Multiple myeloma,76,Brazil,1,1,2006,1.221532114,0.9685539188,,896
27,Multiple myeloma,76,Brazil,1,1,2007,1.296238778,1.051250963,,982
27,Multiple myeloma,76,Brazil,1,1,2008,1.363614754,1.15197667,,1086
27,Multiple myeloma,76,Brazil,1,1,2009,1.284465435,1.12640464,,1071
27,Multiple myeloma,76,Brazil,1,1,2010,1.335703142,1.198818591,,1149
27,Multiple myeloma,76,Brazil,1,1,2011,1.332163079,1.242402328,,1200
27,Multiple myeloma,76,Brazil,1,1,2012,1.32083801,1.270891212,,1237
27,Multiple myeloma,76,Brazil,1,1,2013,1.346171127,1.334555524,,1309
27,Multiple myeloma,76,Brazil,1,1,2014,1.42545438,1.455894682,,1439
27,Multiple myeloma,76,Brazil,1,1,2015,1.414100161,1.491151694,,1485
27,Multiple myeloma,76,Brazil,1,1,2016,1.5132664,1.645902024,,1651
27,Multiple myeloma,76,Brazil,1,1,2017,1.508917399,1.689080171,,1706
27,Multiple myeloma,76,Brazil,1,1,2018,1.575603217,1.835629103,,1866
27,Multiple myeloma,76,Brazil,1,1,2019,1.531897644,1.83905606,,1881
27,Multiple myeloma,76,Brazil,1,1,2020,1.431584401,1.758966668,,1809
27,Multiple myeloma,76,Brazil,1,1,2021,1.417233396,1.778441368,,1836
28,Leukaemia,76,Brazil,1,1,2000,3.500051356,2.851200001,,2465
28,Leukaemia,76,Brazil,1,1,2001,3.454146949,2.827912841,,2476
28,Leukaemia,76,Brazil,1,1,2002,3.658360483,3.015318954,,2672
28,Leukaemia,76,Brazil,1,1,2003,3.555599955,2.996779806,,2686
28,Leukaemia,76,Brazil,1,1,2004,3.599652045,3.017301831,,2734
28,Leukaemia,76,Brazil,1,1,2005,3.648204435,3.131963137,,2868
28,Leukaemia,76,Brazil,1,1,2006,3.640968739,3.139152433,,2904
28,Leukaemia,76,Brazil,1,1,2007,3.65119414,3.236182953,,3023
28,Leukaemia,76,Brazil,1,1,2008,3.604314547,3.225746827,,3041
28,Leukaemia,76,Brazil,1,1,2009,3.610536013,3.287713262,,3126
28,Leukaemia,76,Brazil,1,1,2010,3.617808934,3.341876368,,3203
28,Leukaemia,76,Brazil,1,1,2011,3.594036868,3.392793691,,3277
28,Leukaemia,76,Brazil,1,1,2012,3.62938441,3.490070692,,3397
28,Leukaemia,76,Brazil,1,1,2013,3.575023568,3.506139379,,3439
28,Leukaemia,76,Brazil,1,1,2014,3.525661347,3.549185925,,3508
28,Leukaemia,76,Brazil,1,1,2015,3.603468714,3.70629017,,3691
28,Leukaemia,76,Brazil,1,1,2016,3.640440398,3.798235441,,3810
28,Leukaemia,76,Brazil,1,1,2017,3.384611498,3.596968501,,3633
28,Leukaemia,76,Brazil,1,1,2018,3.506299375,3.837507574,,3901
28,Leukaemia,76,Brazil,1,1,2019,3.519381138,3.926448239,,4016
28,Leukaemia,76,Brazil,1,1,2020,3.164459834,3.60252709,,3705
28,Leukaemia,76,Brazil,1,1,2021,3.117199267,3.576255735,,3692
3,Stomach,76,Brazil,1,1,2000,12.1633757,8.29913185,,7175
3,Stomach,76,Brazil,1,1,2001,11.90989036,8.291860752,,7260
3,Stomach,76,Brazil,1,1,2002,12.00529885,8.544908354,,7572
3,Stomach,76,Brazil,1,1,2003,11.74493681,8.596496056,,7705
3,Stomach,76,Brazil,1,1,2004,11.70905199,8.772689194,,7949
3,Stomach,76,Brazil,1,1,2005,11.47549077,8.870619444,,8123
3,Stomach,76,Brazil,1,1,2006,11.04829747,8.790491594,,8132
3,Stomach,76,Brazil,1,1,2007,11.0785865,9.013781167,,8420
3,Stomach,76,Brazil,1,1,2008,10.4825074,8.787269555,,8284
3,Stomach,76,Brazil,1,1,2009,10.25700125,8.899753558,,8462
3,Stomach,76,Brazil,1,1,2010,10.03788981,9.003138051,,8629
3,Stomach,76,Brazil,1,1,2011,9.629446251,8.910095362,,8606
3,Stomach,76,Brazil,1,1,2012,9.351351002,8.954800163,,8716
3,Stomach,76,Brazil,1,1,2013,9.419062093,9.317420116,,9139
3,Stomach,76,Brazil,1,1,2014,8.916169943,9.123876473,,9018
3,Stomach,76,Brazil,1,1,2015,8.654163762,9.168825669,,9131
3,Stomach,76,Brazil,1,1,2016,8.609028562,9.393903558,,9423
3,Stomach,76,Brazil,1,1,2017,8.095253034,9.113706318,,9205
3,Stomach,76,Brazil,1,1,2018,7.934251207,9.231266617,,9384
3,Stomach,76,Brazil,1,1,2019,7.856971045,9.42112929,,9636
3,Stomach,76,Brazil,1,1,2020,6.909298275,8.529383976,,8772
3,Stomach,76,Brazil,1,1,2021,6.935427147,8.723661741,,9006
5,Colon,76,Brazil,1,1,2000,3.920954491,2.696205762,,2331
5,Colon,76,Brazil,1,1,2001,3.986769864,2.793648953,,2446
5,Colon,76,Brazil,1,1,2002,4.094775034,2.921654481,,2589
5,Colon,76,Brazil,1,1,2003,4.103149229,3.005705435,,2694
5,Colon,76,Brazil,1,1,2004,4.134935859,3.134285735,,2840
5,Colon,76,Brazil,1,1,2005,4.21993531,3.253179284,,2979
5,Colon,76,Brazil,1,1,2006,4.33422034,3.449392361,,3191
5,Colon,76,Brazil,1,1,2007,4.344681889,3.565903215,,3331
5,Colon,76,Brazil,1,1,2008,4.606493323,3.846286746,,3626
5,Colon,76,Brazil,1,1,2009,4.383870863,3.825148155,,3637
5,Colon,76,Brazil,1,1,2010,4.644212303,4.166129359,,3993
5,Colon,76,Brazil,1,1,2011,4.6451062,4.312171413,,4165
5,Colon,76,Brazil,1,1,2012,4.700271388,4.505139825,,4385
5,Colon,76,Brazil,1,1,2013,4.711355344,4.661258866,,4572
5,Colon,76,Brazil,1,1,2014,4.792528167,4.900871328,,4844
5,Colon,76,Brazil,1,1,2015,4.750598795,5.015692062,,4995
5,Colon,76,Brazil,1,1,2016,4.956469848,5.38731347,,5404
5,Colon,76,Brazil,1,1,2017,4.916763686,5.540499789,,5596
5,Colon,76,Brazil,1,1,2018,4.956125895,5.752818326,,5848
5,Colon,76,Brazil,1,1,2019,5.057690729,6.036327546,,6174
5,Colon,76,Brazil,1,1,2020,4.689239342,5.752375239,,5916
5,Colon,76,Brazil,1,1,2021,4.944739392,6.223576137,,6425
6,Rectum and anus,76,Brazil,1,1,2000,2.10400675,1.468975254,,1270
6,Rectum and anus,76,Brazil,1,1,2001,2.187346408,1.570428173,,1375
6,Rectum and anus,76,Brazil,1,1,2002,2.31966555,1.690474474,,1498
6,Rectum and anus,76,Brazil,1,1,2003,2.310286801,1.709257879,,1532
6,Rectum and anus,76,Brazil,1,1,2004,2.254815764,1.737100615,,1574
6,Rectum and anus,76,Brazil,1,1,2005,2.584778954,2.030097445,,1859
6,Rectum and anus,76,Brazil,1,1,2006,2.617106652,2.106820969,,1949
6,Rectum and anus,76,Brazil,1,1,2007,2.558063322,2.113207129,,1974
6,Rectum and anus,76,Brazil,1,1,2008,2.798142574,2.379266732,,2243
6,Rectum and anus,76,Brazil,1,1,2009,2.64377245,2.323275302,,2209
6,Rectum and anus,76,Brazil,1,1,2010,2.823246586,2.565617855,,2459
6,Rectum and anus,76,Brazil,1,1,2011,2.91901869,2.74467381,,2651
6,Rectum and anus,76,Brazil,1,1,2012,2.804148909,2.687672926,,2616
6,Rectum and anus,76,Brazil,1,1,2013,2.880229537,2.869957066,,2815
6,Rectum and anus,76,Brazil,1,1,2014,2.954700121,3.054444785,,3019
6,Rectum and anus,76,Brazil,1,1,2015,3.000312981,3.180119472,,3167
6,Rectum and anus,76,Brazil,1,1,2016,3.121483903,3.414424248,,3425
6,Rectum and anus,76,Brazil,1,1,2017,3.184221383,3.575186693,,3611
6,Rectum and anus,76,Brazil,1,1,2018,3.187375251,3.697818757,,3759
6,Rectum and anus,76,Brazil,1,1,2019,3.285979331,3.92742594,,4017
6,Rectum and anus,76,Brazil,1,1,2020,3.156134427,3.863114744,,3973
6,Rectum and anus,76,Brazil,1,1,2021,3.279536047,4.104169975,,4237
7,Liver,76,Brazil,1,1,2000,4.584121531,3.186635296,,2755
7,Liver,76,Brazil,1,1,2001,4.494180896,3.226516064,,2825
7,Liver,76,Brazil,1,1,2002,4.656932202,3.382077435,,2997
7,Liver,76,Brazil,1,1,2003,4.55500264,3.386160354,,3035
7,Liver,76,Brazil,1,1,2004,4.769982439,3.634226383,,3293
7,Liver,76,Brazil,1,1,2005,4.767258063,3.730399608,,3416
7,Liver,76,Brazil,1,1,2006,5.068764772,4.068791239,,3764
7,Liver,76,Brazil,1,1,2007,4.99130907,4.158971477,,3885
7,Liver,76,Brazil,1,1,2008,4.976772301,4.204820922,,3964
7,Liver,76,Brazil,1,1,2009,5.114731968,4.482480461,,4262
7,Liver,76,Brazil,1,1,2010,5.079148475,4.598079661,,4407
7,Liver,76,Brazil,1,1,2011,5.068068779,4.711810829,,4551
7,Liver,76,Brazil,1,1,2012,5.361861812,5.148290915,,5011
7,Liver,76,Brazil,1,1,2013,5.157114333,5.107809912,,5010
7,Liver,76,Brazil,1,1,2014,5.164778755,5.29342667,,5232
7,Liver,76,Brazil,1,1,2015,5.378372988,5.668384723,,5645
7,Liver,76,Brazil,1,1,2016,5.213715327,5.662461234,,5680
7,Liver,76,Brazil,1,1,2017,5.231065451,5.846435177,,5905
7,Liver,76,Brazil,1,1,2018,5.284916167,6.079414716,,6180
7,Liver,76,Brazil,1,1,2019,5.207030256,6.174183423,,6315
7,Liver,76,Brazil,1,1,2020,4.839351947,5.922535088,,6091
7,Liver,76,Brazil,1,1,2021,4.696073962,5.870987543,,6061
8,Gallbladder etc.,76,Brazil,1,1,2000,1.153808654,0.76918783,,665
8,Gallbladder etc.,76,Brazil,1,1,2001,1.231653814,0.8360388527,,732
8,Gallbladder etc.,76,Brazil,1,1,2002,1.082197978,0.7583436891,,672
8,Gallbladder etc.,76,Brazil,1,1,2003,1.092965442,0.7687197641,,689
8,Gallbladder etc.,76,Brazil,1,1,2004,1.171521959,0.8740684163,,792
8,Gallbladder etc.,76,Brazil,1,1,2005,1.148840661,0.8812741464,,807
8,Gallbladder etc.,76,Brazil,1,1,2006,1.154258529,0.9004524714,,833
8,Gallbladder etc.,76,Brazil,1,1,2007,1.139882613,0.9227885233,,862
8,Gallbladder etc.,76,Brazil,1,1,2008,1.101864165,0.9111859666,,859
8,Gallbladder etc.,76,Brazil,1,1,2009,1.110568001,0.9528689108,,906
8,Gallbladder etc.,76,Brazil,1,1,2010,1.139490498,1.007884037,,966
8,Gallbladder etc.,76,Brazil,1,1,2011,1.098444544,1.012557897,,978
8,Gallbladder etc.,76,Brazil,1,1,2012,1.08189687,1.025343112,,998
8,Gallbladder etc.,76,Brazil,1,1,2013,1.08452213,1.060303854,,1040
8,Gallbladder etc.,76,Brazil,1,1,2014,1.136246347,1.162489917,,1149
8,Gallbladder etc.,76,Brazil,1,1,2015,1.123325218,1.173842647,,1169
8,Gallbladder etc.,76,Brazil,1,1,2016,1.065478948,1.150436666,,1154
8,Gallbladder etc.,76,Brazil,1,1,2017,1.163818702,1.315819196,,1329
8,Gallbladder etc.,76,Brazil,1,1,2018,1.184539505,1.369343897,,1392
8,Gallbladder etc.,76,Brazil,1,1,2019,1.214575168,1.459707973,,1493
8,Gallbladder etc.,76,Brazil,1,1,2020,1.091373813,1.344748978,,1383
8,Gallbladder etc.,76,Brazil,1,1,2021,1.070661125,1.349329425,,1393
9,Pancreas,76,Brazil,1,1,2000,3.811712094,2.586321786,,2236
9,Pancreas,76,Brazil,1,1,2001,3.758619459,2.628040164,,2301
9,Pancreas,76,Brazil,1,1,2002,3.88338527,2.786235965,,2469
9,Pancreas,76,Brazil,1,1,2003,3.752095308,2.744630798,,2460
9,Pancreas,76,Brazil,1,1,2004,3.972872627,2.993022153,,2712
9,Pancreas,76,Brazil,1,1,2005,4.057789543,3.121042764,,2858
9,Pancreas,76,Brazil,1,1,2006,4.094055017,3.259140698,,3015
9,Pancreas,76,Brazil,1,1,2007,4.250390185,3.451357539,,3224
9,Pancreas,76,Brazil,1,1,2008,4.22034612,3.552458443,,3349
9,Pancreas,76,Brazil,1,1,2009,4.18413024,3.624267402,,3446
9,Pancreas,76,Brazil,1,1,2010,4.280273754,3.829124655,,3670
9,Pancreas,76,Brazil,1,1,2011,4.224906699,3.936344709,,3802
9,Pancreas,76,Brazil,1,1,2012,4.297574895,4.127057395,,4017
9,Pancreas,76,Brazil,1,1,2013,4.527085809,4.458373801,,4373
9,Pancreas,76,Brazil,1,1,2014,4.428175025,4.527539057,,4475
9,Pancreas,76,Brazil,1,1,2015,4.430968623,4.672275308,,4653
9,Pancreas,76,Brazil,1,1,2016,4.604287098,4.988548594,,5004
9,Pancreas,76,Brazil,1,1,2017,4.689218442,5.263276783,,5316
9,Pancreas,76,Brazil,1,1,2018,4.653957335,5.406547456,,5496
9,Pancreas,76,Brazil,1,1,2019,4.817481626,5.772348207,,5904
9,Pancreas,76,Brazil,1,1,2020,4.64431405,5.717370928,,5880
9,Pancreas,76,Brazil,1,1,2021,4.575861169,5.760561445,,5947
1,"Lip,  oral cavity and pharynx ",76,Brazil,2,1,2000,1.196196599,0.9878550305,,865
1,"Lip,  oral cavity and pharynx ",76,Brazil,2,1,2001,1.191729042,1.006248618,,893
1,"Lip,  oral cavity and pharynx ",76,Brazil,2,1,2002,1.298396814,1.121379184,,1008
1,"Lip,  oral cavity and pharynx ",76,Brazil,2,1,2003,1.145682638,1.017659055,,926
1,"Lip,  oral cavity and pharynx ",76,Brazil,2,1,2004,1.237091944,1.133988977,,1044
1,"Lip,  oral cavity and pharynx ",76,Brazil,2,1,2005,1.297730598,1.217833954,,1134
1,"Lip,  oral cavity and pharynx ",76,Brazil,2,1,2006,1.327851602,1.282077721,,1207
1,"Lip,  oral cavity and pharynx ",76,Brazil,2,1,2007,1.302748179,1.312804925,,1249
1,"Lip,  oral cavity and pharynx ",76,Brazil,2,1,2008,1.345858219,1.37885018,,1325
1,"Lip,  oral cavity and pharynx ",76,Brazil,2,1,2009,1.34201664,1.414452442,,1372
1,"Lip,  oral cavity and pharynx ",76,Brazil,2,1,2010,1.267550625,1.391818742,,1362
1,"Lip,  oral cavity and pharynx ",76,Brazil,2,1,2011,1.344498429,1.519792793,,1500
1,"Lip,  oral cavity and pharynx ",76,Brazil,2,1,2012,1.311547119,1.535017494,,1528
1,"Lip,  oral cavity and pharynx ",76,Brazil,2,1,2013,1.243390408,1.49312889,,1499
1,"Lip,  oral cavity and pharynx ",76,Brazil,2,1,2014,1.267928086,1.581303911,,1601
1,"Lip,  oral cavity and pharynx ",76,Brazil,2,1,2015,1.177034734,1.496746753,,1528
1,"Lip,  oral cavity and pharynx ",76,Brazil,2,1,2016,1.188936475,1.560611548,,1606
1,"Lip,  oral cavity and pharynx ",76,Brazil,2,1,2017,1.182901239,1.612316455,,1672
1,"Lip,  oral cavity and pharynx ",76,Brazil,2,1,2018,1.216806549,1.70316263,,1779
1,"Lip,  oral cavity and pharynx ",76,Brazil,2,1,2019,1.20979178,1.725699741,,1815
1,"Lip,  oral cavity and pharynx ",76,Brazil,2,1,2020,1.119668967,1.634907726,,1730
1,"Lip,  oral cavity and pharynx ",76,Brazil,2,1,2021,1.112972077,1.660179129,,1765
10,Larynx,76,Brazil,2,1,2000,0.3571754479,0.29007535,,254
10,Larynx,76,Brazil,2,1,2001,0.4628590556,0.384244993,,341
10,Larynx,76,Brazil,2,1,2002,0.4353148682,0.3737930614,,336
10,Larynx,76,Brazil,2,1,2003,0.3762829276,0.3362890614,,306
10,Larynx,76,Brazil,2,1,2004,0.4134659214,0.3638757732,,335
10,Larynx,76,Brazil,2,1,2005,0.4319769276,0.3941314472,,367
10,Larynx,76,Brazil,2,1,2006,0.4616086962,0.4397515962,,414
10,Larynx,76,Brazil,2,1,2007,0.4549087251,0.4414556194,,420
10,Larynx,76,Brazil,2,1,2008,0.4675884473,0.4734919487,,455
10,Larynx,76,Brazil,2,1,2009,0.4010046637,0.4206243414,,408
10,Larynx,76,Brazil,2,1,2010,0.4028935838,0.438392247,,429
10,Larynx,76,Brazil,2,1,2011,0.4753513422,0.5268615017,,520
10,Larynx,76,Brazil,2,1,2012,0.4841930851,0.5575488933,,555
10,Larynx,76,Brazil,2,1,2013,0.427674757,0.5040181578,,506
10,Larynx,76,Brazil,2,1,2014,0.4234084161,0.5126150717,,519
10,Larynx,76,Brazil,2,1,2015,0.4562016131,0.5622595786,,574
10,Larynx,76,Brazil,2,1,2016,0.4028749932,0.5159929839,,531
10,Larynx,76,Brazil,2,1,2017,0.4406188342,0.580511068,,602
10,Larynx,76,Brazil,2,1,2018,0.4230141644,0.5705929891,,596
10,Larynx,76,Brazil,2,1,2019,0.3691303406,0.5200869192,,547
10,Larynx,76,Brazil,2,1,2020,0.3788753512,0.5500094199,,582
10,Larynx,76,Brazil,2,1,2021,0.3899211642,0.5690698996,,605
106,Colorectum,76,Brazil,2,1,2000,5.610870529,4.665188207,,4085
106,Colorectum,76,Brazil,2,1,2001,5.619164956,4.807006276,,4266
106,Colorectum,76,Brazil,2,1,2002,5.939649671,5.209740794,,4683
106,Colorectum,76,Brazil,2,1,2003,5.959056349,5.33996258,,4859
106,Colorectum,76,Brazil,2,1,2004,6.024171638,5.575445802,,5133
106,Colorectum,76,Brazil,2,1,2005,6.215801349,5.885123517,,5480
106,Colorectum,76,Brazil,2,1,2006,6.156235848,6.03118252,,5678
106,Colorectum,76,Brazil,2,1,2007,6.29021045,6.322275121,,6015
106,Colorectum,76,Brazil,2,1,2008,6.346501479,6.57061135,,6314
106,Colorectum,76,Brazil,2,1,2009,6.352530762,6.826898011,,6622
106,Colorectum,76,Brazil,2,1,2010,6.38998217,7.042888966,,6892
106,Colorectum,76,Brazil,2,1,2011,6.397522654,7.292979018,,7198
106,Colorectum,76,Brazil,2,1,2012,6.507653879,7.642940505,,7608
106,Colorectum,76,Brazil,2,1,2013,6.617983026,7.991576442,,8023
106,Colorectum,76,Brazil,2,1,2014,6.671463929,8.352958885,,8457
106,Colorectum,76,Brazil,2,1,2015,6.521338854,8.358468614,,8533
106,Colorectum,76,Brazil,2,1,2016,6.529381579,8.617374353,,8868
106,Colorectum,76,Brazil,2,1,2017,6.839394092,9.315177602,,9660
106,Colorectum,76,Brazil,2,1,2018,6.831392377,9.568921018,,9995
106,Colorectum,76,Brazil,2,1,2019,6.866648832,9.874045074,,10385
106,Colorectum,76,Brazil,2,1,2020,6.671819683,9.786765553,,10356
106,Colorectum,76,Brazil,2,1,2021,6.645085833,9.968599664,,10598
11,Lung,76,Brazil,2,1,2000,6.342859039,5.238486734,,4587
11,Lung,76,Brazil,2,1,2001,6.370338993,5.359147175,,4756
11,Lung,76,Brazil,2,1,2002,6.320021893,5.464498565,,4912
11,Lung,76,Brazil,2,1,2003,6.68264763,5.927918945,,5394
11,Lung,76,Brazil,2,1,2004,6.90194403,6.248887531,,5753
11,Lung,76,Brazil,2,1,2005,6.985035395,6.516592974,,6068
11,Lung,76,Brazil,2,1,2006,7.314756295,7.006283886,,6596
11,Lung,76,Brazil,2,1,2007,7.54508597,7.402790303,,7043
11,Lung,76,Brazil,2,1,2008,7.70565527,7.771511808,,7468
11,Lung,76,Brazil,2,1,2009,7.661654576,8.012481326,,7772
11,Lung,76,Brazil,2,1,2010,7.80439097,8.368284641,,8189
11,Lung,76,Brazil,2,1,2011,7.971452447,8.839114887,,8724
11,Lung,76,Brazil,2,1,2012,8.096841525,9.26736674,,9225
11,Lung,76,Brazil,2,1,2013,8.206162367,9.63411783,,9672
11,Lung,76,Brazil,2,1,2014,8.375163474,10.17131023,,10298
11,Lung,76,Brazil,2,1,2015,8.60455655,10.75345933,,10978
11,Lung,76,Brazil,2,1,2016,8.503238847,10.97578296,,11295
11,Lung,76,Brazil,2,1,2017,8.555589835,11.37107394,,11792
11,Lung,76,Brazil,2,1,2018,8.629302744,11.81874237,,12345
11,Lung,76,Brazil,2,1,2019,8.503685911,12.00003109,,12621
11,Lung,76,Brazil,2,1,2020,8.228151203,11.9149807,,12608
11,Lung,76,Brazil,2,1,2021,8.185638414,12.20443297,,12975
12,Melanoma of skin,76,Brazil,2,1,2000,0.6090284108,0.5264753399,,461
12,Melanoma of skin,76,Brazil,2,1,2001,0.5859063776,0.5217168087,,463
12,Melanoma of skin,76,Brazil,2,1,2002,0.5673258106,0.5128529801,,461
12,Melanoma of skin,76,Brazil,2,1,2003,0.5917766438,0.5417990434,,493
12,Melanoma of skin,76,Brazil,2,1,2004,0.5591042255,0.5257190275,,484
12,Melanoma of skin,76,Brazil,2,1,2005,0.5846761417,0.5648859434,,526
12,Melanoma of skin,76,Brazil,2,1,2006,0.5597690969,0.553407202,,521
12,Melanoma of skin,76,Brazil,2,1,2007,0.5707528043,0.569687966,,542
12,Melanoma of skin,76,Brazil,2,1,2008,0.5592990062,0.5817186798,,559
12,Melanoma of skin,76,Brazil,2,1,2009,0.5434482841,0.5824822374,,565
12,Melanoma of skin,76,Brazil,2,1,2010,0.6116599795,0.6795590775,,665
12,Melanoma of skin,76,Brazil,2,1,2011,0.5596278554,0.6372997781,,629
12,Melanoma of skin,76,Brazil,2,1,2012,0.5360800218,0.6308841531,,628
12,Melanoma of skin,76,Brazil,2,1,2013,0.5336190626,0.6414776553,,644
12,Melanoma of skin,76,Brazil,2,1,2014,0.5524706959,0.6844744599,,693
12,Melanoma of skin,76,Brazil,2,1,2015,0.6079442727,0.7660052099,,782
12,Melanoma of skin,76,Brazil,2,1,2016,0.543705296,0.716171053,,737
12,Melanoma of skin,76,Brazil,2,1,2017,0.5696852769,0.7753004961,,804
12,Melanoma of skin,76,Brazil,2,1,2018,0.5153575966,0.7199428319,,752
12,Melanoma of skin,76,Brazil,2,1,2019,0.5481339231,0.7787041806,,819
12,Melanoma of skin,76,Brazil,2,1,2020,0.5148621788,0.7588617941,,803
12,Melanoma of skin,76,Brazil,2,1,2021,0.493073627,0.728033227,,774
14,Breast,76,Brazil,2,1,2000,11.07618826,9.483408292,,8304
14,Breast,76,Brazil,2,1,2001,11.17279637,9.752611186,,8655
14,Breast,76,Brazil,2,1,2002,11.25093538,10.01565158,,9003
14,Breast,76,Brazil,2,1,2003,11.27553831,10.26231129,,9338
14,Breast,76,Brazil,2,1,2004,11.41629582,10.63168975,,9788
14,Breast,76,Brazil,2,1,2005,11.4899706,10.96050559,,10206
14,Breast,76,Brazil,2,1,2006,11.77644356,11.50577123,,10832
14,Breast,76,Brazil,2,1,2007,11.60530047,11.62289581,,11058
14,Breast,76,Brazil,2,1,2008,11.91660069,12.26500243,,11786
14,Breast,76,Brazil,2,1,2009,11.66077254,12.33728307,,11967
14,Breast,76,Brazil,2,1,2010,12.01482,12.98315501,,12705
14,Breast,76,Brazil,2,1,2011,12.07394222,13.39748007,,13223
14,Breast,76,Brazil,2,1,2012,11.97616923,13.65241344,,13590
14,Breast,76,Brazil,2,1,2013,12.1169695,14.14836742,,14204
14,Breast,76,Brazil,2,1,2014,12.06752437,14.4411271,,14621
14,Breast,76,Brazil,2,1,2015,12.26998289,15.08795172,,15403
14,Breast,76,Brazil,2,1,2016,12.42316953,15.61388939,,16068
14,Breast,76,Brazil,2,1,2017,12.51965692,16.12605746,,16723
14,Breast,76,Brazil,2,1,2018,12.70746429,16.82291947,,17572
14,Breast,76,Brazil,2,1,2019,12.69491097,17.17617952,,18065
14,Breast,76,Brazil,2,1,2020,12.20427902,16.84332971,,17823
14,Breast,76,Brazil,2,1,2021,12.12839934,17.06175026,,18139
15,Uterus,76,Brazil,2,1,2000,8.951439558,7.710979382,,6752
15,Uterus,76,Brazil,2,1,2001,8.904397004,7.841527584,,6959
15,Uterus,76,Brazil,2,1,2002,8.294161755,7.446936765,,6694
15,Uterus,76,Brazil,2,1,2003,8.426823913,7.726955526,,7031
15,Uterus,76,Brazil,2,1,2004,8.295524465,7.752183263,,7137
15,Uterus,76,Brazil,2,1,2005,8.28679024,7.94813853,,7401
15,Uterus,76,Brazil,2,1,2006,8.108244046,7.958016809,,7492
15,Uterus,76,Brazil,2,1,2007,8.119395809,8.175337637,,7778
15,Uterus,76,Brazil,2,1,2008,7.987703126,8.255410174,,7933
15,Uterus,76,Brazil,2,1,2009,7.915239907,8.398053639,,8146
15,Uterus,76,Brazil,2,1,2010,7.637711953,8.291642639,,8114
15,Uterus,76,Brazil,2,1,2011,7.648167705,8.529077157,,8418
15,Uterus,76,Brazil,2,1,2012,7.626846982,8.722877551,,8683
15,Uterus,76,Brazil,2,1,2013,7.486084512,8.765533178,,8800
15,Uterus,76,Brazil,2,1,2014,7.354540438,8.820139866,,8930
15,Uterus,76,Brazil,2,1,2015,7.451883397,9.139167018,,9330
15,Uterus,76,Brazil,2,1,2016,7.413808878,9.291760663,,9562
15,Uterus,76,Brazil,2,1,2017,7.77349088,9.957404133,,10326
15,Uterus,76,Brazil,2,1,2018,7.562218187,9.917403984,,10359
15,Uterus,76,Brazil,2,1,2019,7.476243295,9.94630578,,10461
15,Uterus,76,Brazil,2,1,2020,7.227141245,9.821731788,,10393
15,Uterus,76,Brazil,2,1,2021,7.230295914,9.982708835,,10613
16,Cervix uteri,76,Brazil,2,1,2000,5.152407001,4.51215633,,3951
16,Cervix uteri,76,Brazil,2,1,2001,5.320520257,4.748411731,,4214
16,Cervix uteri,76,Brazil,2,1,2002,4.987326727,4.546703101,,4087
16,Cervix uteri,76,Brazil,2,1,2003,4.953340871,4.616831199,,4201
16,Cervix uteri,76,Brazil,2,1,2004,5.049612135,4.769488119,,4391
16,Cervix uteri,76,Brazil,2,1,2005,5.003603401,4.836970131,,4504
16,Cervix uteri,76,Brazil,2,1,2006,4.945066463,4.885066645,,4599
16,Cervix uteri,76,Brazil,2,1,2007,4.873214747,4.930638835,,4691
16,Cervix uteri,76,Brazil,2,1,2008,4.856349601,5.055437114,,4858
16,Cervix uteri,76,Brazil,2,1,2009,4.894236639,5.215535645,,5059
16,Cervix uteri,76,Brazil,2,1,2010,4.677578143,5.095160242,,4986
16,Cervix uteri,76,Brazil,2,1,2011,4.686738124,5.22808721,,5160
16,Cervix uteri,76,Brazil,2,1,2012,4.643817636,5.287170857,,5263
16,Cervix uteri,76,Brazil,2,1,2013,4.632074792,5.408732404,,5430
16,Cervix uteri,76,Brazil,2,1,2014,4.513669026,5.380976707,,5448
16,Cervix uteri,76,Brazil,2,1,2015,4.604653224,5.608882138,,5726
16,Cervix uteri,76,Brazil,2,1,2016,4.589192727,5.680781514,,5846
16,Cervix uteri,76,Brazil,2,1,2017,4.871826608,6.157081676,,6385
16,Cervix uteri,76,Brazil,2,1,2018,4.843195263,6.247801757,,6526
16,Cervix uteri,76,Brazil,2,1,2019,4.806251716,6.27146859,,6596
16,Cervix uteri,76,Brazil,2,1,2020,4.709476528,6.262736126,,6627
16,Cervix uteri,76,Brazil,2,1,2021,4.633462719,6.213678937,,6606
17,Corpus uteri,76,Brazil,2,1,2000,0.8856320769,0.7297564907,,639
17,Corpus uteri,76,Brazil,2,1,2001,0.8774122143,0.7391927138,,656
17,Corpus uteri,76,Brazil,2,1,2002,0.8926790586,0.7676107511,,690
17,Corpus uteri,76,Brazil,2,1,2003,1.017772725,0.8945728627,,814
17,Corpus uteri,76,Brazil,2,1,2004,0.9094889185,0.8113886643,,747
17,Corpus uteri,76,Brazil,2,1,2005,0.9438376797,0.8763249616,,816
17,Corpus uteri,76,Brazil,2,1,2006,0.9466205112,0.913493654,,860
17,Corpus uteri,76,Brazil,2,1,2007,1.031280836,1.007990331,,959
17,Corpus uteri,76,Brazil,2,1,2008,1.026797431,1.036479079,,996
17,Corpus uteri,76,Brazil,2,1,2009,0.9559222069,0.9969209267,,967
17,Corpus uteri,76,Brazil,2,1,2010,0.9759954889,1.039265537,,1017
17,Corpus uteri,76,Brazil,2,1,2011,1.025865503,1.1388314,,1124
17,Corpus uteri,76,Brazil,2,1,2012,1.058803898,1.214552454,,1209
17,Corpus uteri,76,Brazil,2,1,2013,1.104173905,1.284947477,,1290
17,Corpus uteri,76,Brazil,2,1,2014,1.123671092,1.349194967,,1366
17,Corpus uteri,76,Brazil,2,1,2015,1.147306606,1.424260326,,1454
17,Corpus uteri,76,Brazil,2,1,2016,1.19144667,1.531459402,,1576
17,Corpus uteri,76,Brazil,2,1,2017,1.344315958,1.76178359,,1827
17,Corpus uteri,76,Brazil,2,1,2018,1.236247654,1.668697282,,1743
17,Corpus uteri,76,Brazil,2,1,2019,1.314657169,1.84074639,,1936
17,Corpus uteri,76,Brazil,2,1,2020,1.290092618,1.837144866,,1944
17,Corpus uteri,76,Brazil,2,1,2021,1.342723708,1.967759058,,2092
18,Ovary,76,Brazil,2,1,2000,2.633137928,2.222388311,,1946
18,Ovary,76,Brazil,2,1,2001,2.616984337,2.268284959,,2013
18,Ovary,76,Brazil,2,1,2002,2.707184229,2.382930767,,2142
18,Ovary,76,Brazil,2,1,2003,2.712089647,2.427655349,,2209
18,Ovary,76,Brazil,2,1,2004,2.84229909,2.611215996,,2404
18,Ovary,76,Brazil,2,1,2005,2.721995548,2.586017779,,2408
18,Ovary,76,Brazil,2,1,2006,2.823823637,2.730921145,,2571
18,Ovary,76,Brazil,2,1,2007,2.720691278,2.713900974,,2582
18,Ovary,76,Brazil,2,1,2008,2.908296349,2.964788048,,2849
18,Ovary,76,Brazil,2,1,2009,2.904355497,3.054681185,,2963
18,Ovary,76,Brazil,2,1,2010,2.835433766,3.044220289,,2979
18,Ovary,76,Brazil,2,1,2011,2.768487043,3.065928662,,3026
18,Ovary,76,Brazil,2,1,2012,2.772220124,3.143370247,,3129
18,Ovary,76,Brazil,2,1,2013,2.810647155,3.270141526,,3283
18,Ovary,76,Brazil,2,1,2014,2.749381006,3.279156143,,3320
18,Ovary,76,Brazil,2,1,2015,2.829463266,3.463675732,,3536
18,Ovary,76,Brazil,2,1,2016,2.941556808,3.66442475,,3771
18,Ovary,76,Brazil,2,1,2017,2.906719294,3.739571298,,3878
18,Ovary,76,Brazil,2,1,2018,2.900985766,3.812250474,,3982
18,Ovary,76,Brazil,2,1,2019,2.893606043,3.920143268,,4123
18,Ovary,76,Brazil,2,1,2020,2.698332031,3.7045308,,3920
18,Ovary,76,Brazil,2,1,2021,2.694451551,3.797248239,,4037
2,Oesophagus,76,Brazil,2,1,2000,1.591980169,1.301912988,,1140
2,Oesophagus,76,Brazil,2,1,2001,1.665010412,1.387113156,,1231
2,Oesophagus,76,Brazil,2,1,2002,1.694044535,1.451785551,,1305
2,Oesophagus,76,Brazil,2,1,2003,1.760369193,1.558359115,,1418
2,Oesophagus,76,Brazil,2,1,2004,1.724960104,1.5423988,,1420
2,Oesophagus,76,Brazil,2,1,2005,1.672677547,1.540012249,,1434
2,Oesophagus,76,Brazil,2,1,2006,1.735975528,1.651723991,,1555
2,Oesophagus,76,Brazil,2,1,2007,1.748015976,1.721676916,,1638
2,Oesophagus,76,Brazil,2,1,2008,1.671614432,1.69520524,,1629
2,Oesophagus,76,Brazil,2,1,2009,1.667250876,1.75157048,,1699
2,Oesophagus,76,Brazil,2,1,2010,1.616675897,1.758678455,,1721
2,Oesophagus,76,Brazil,2,1,2011,1.508247851,1.697101953,,1675
2,Oesophagus,76,Brazil,2,1,2012,1.531206732,1.76908757,,1761
2,Oesophagus,76,Brazil,2,1,2013,1.443153343,1.720235886,,1727
2,Oesophagus,76,Brazil,2,1,2014,1.464840305,1.800572786,,1823
2,Oesophagus,76,Brazil,2,1,2015,1.424991012,1.837628867,,1876
2,Oesophagus,76,Brazil,2,1,2016,1.366179695,1.787026549,,1839
2,Oesophagus,76,Brazil,2,1,2017,1.360193178,1.838927918,,1907
2,Oesophagus,76,Brazil,2,1,2018,1.301163936,1.811345529,,1892
2,Oesophagus,76,Brazil,2,1,2019,1.277693404,1.819828818,,1914
2,Oesophagus,76,Brazil,2,1,2020,1.186999713,1.737916363,,1839
2,Oesophagus,76,Brazil,2,1,2021,1.150893717,1.70815031,,1816
21,Kidney,76,Brazil,2,1,2000,0.851107456,0.7171941724,,628
21,Kidney,76,Brazil,2,1,2001,0.790772234,0.6749640786,,599
21,Kidney,76,Brazil,2,1,2002,0.8801118688,0.7787355446,,700
21,Kidney,76,Brazil,2,1,2003,0.8187304802,0.7330222352,,667
21,Kidney,76,Brazil,2,1,2004,0.792818415,0.7386135097,,680
21,Kidney,76,Brazil,2,1,2005,0.8044350998,0.7538972096,,702
21,Kidney,76,Brazil,2,1,2006,0.8522843556,0.8221442886,,774
21,Kidney,76,Brazil,2,1,2007,0.8202655703,0.8082842174,,769
21,Kidney,76,Brazil,2,1,2008,0.8527275714,0.8595699992,,826
21,Kidney,76,Brazil,2,1,2009,0.917298352,0.9515594781,,923
21,Kidney,76,Brazil,2,1,2010,0.8758764137,0.9299229482,,910
21,Kidney,76,Brazil,2,1,2011,0.824574517,0.9189680425,,907
21,Kidney,76,Brazil,2,1,2012,0.9111134625,1.028702823,,1024
21,Kidney,76,Brazil,2,1,2013,0.8968190024,1.036922732,,1041
21,Kidney,76,Brazil,2,1,2014,0.8862319973,1.05584877,,1069
21,Kidney,76,Brazil,2,1,2015,0.9583736905,1.185251028,,1210
21,Kidney,76,Brazil,2,1,2016,0.9397331426,1.1981532,,1233
21,Kidney,76,Brazil,2,1,2017,0.9557066383,1.248773809,,1295
21,Kidney,76,Brazil,2,1,2018,0.9550247997,1.271388405,,1328
21,Kidney,76,Brazil,2,1,2019,0.9414600007,1.31400388,,1382
21,Kidney,76,Brazil,2,1,2020,0.9206378646,1.304146047,,1380
21,Kidney,76,Brazil,2,1,2021,0.8591669413,1.249131945,,1328
22,Bladder,76,Brazil,2,1,2000,0.8236508764,0.6726550439,,589
22,Bladder,76,Brazil,2,1,2001,0.853205535,0.7211636232,,640
22,Bladder,76,Brazil,2,1,2002,0.9378026765,0.7976476936,,717
22,Bladder,76,Brazil,2,1,2003,0.8749591597,0.7780805735,,708
22,Bladder,76,Brazil,2,1,2004,0.8831237193,0.7907509339,,728
22,Bladder,76,Brazil,2,1,2005,0.9227993883,0.868807468,,809
22,Bladder,76,Brazil,2,1,2006,0.8590505964,0.8200198847,,772
22,Bladder,76,Brazil,2,1,2007,0.8986683484,0.8892177476,,846
22,Bladder,76,Brazil,2,1,2008,0.8654771322,0.8949518151,,860
22,Bladder,76,Brazil,2,1,2009,0.8705691615,0.939188174,,911
22,Bladder,76,Brazil,2,1,2010,0.8529760074,0.958535962,,938
22,Bladder,76,Brazil,2,1,2011,0.8770808315,1.012182,,999
22,Bladder,76,Brazil,2,1,2012,0.8857010299,1.06989112,,1065
22,Bladder,76,Brazil,2,1,2013,0.8715361428,1.094695564,,1099
22,Bladder,76,Brazil,2,1,2014,0.9319269208,1.201040322,,1216
22,Bladder,76,Brazil,2,1,2015,0.9013473375,1.214637417,,1240
22,Bladder,76,Brazil,2,1,2016,0.8639906078,1.206898844,,1242
22,Bladder,76,Brazil,2,1,2017,0.897856522,1.286381669,,1334
22,Bladder,76,Brazil,2,1,2018,0.9068177304,1.366168113,,1427
22,Bladder,76,Brazil,2,1,2019,0.8660817083,1.333019855,,1402
22,Bladder,76,Brazil,2,1,2020,0.9020836419,1.415659984,,1498
22,Bladder,76,Brazil,2,1,2021,0.9386392003,1.508740693,,1604
23,Brain and central nervous system,76,Brazil,2,1,2000,3.072259594,2.703182494,,2367
23,Brain and central nervous system,76,Brazil,2,1,2001,3.102185877,2.785494495,,2472
23,Brain and central nervous system,76,Brazil,2,1,2002,3.141156004,2.862409366,,2573
23,Brain and central nervous system,76,Brazil,2,1,2003,3.258798672,3.004621876,,2734
23,Brain and central nervous system,76,Brazil,2,1,2004,3.283192379,3.08153901,,2837
23,Brain and central nervous system,76,Brazil,2,1,2005,3.386190516,3.232522224,,3010
23,Brain and central nervous system,76,Brazil,2,1,2006,3.439376435,3.337438443,,3142
23,Brain and central nervous system,76,Brazil,2,1,2007,3.448101215,3.427587559,,3261
23,Brain and central nervous system,76,Brazil,2,1,2008,3.413697594,3.454930263,,3320
23,Brain and central nervous system,76,Brazil,2,1,2009,3.476273966,3.58974009,,3482
23,Brain and central nervous system,76,Brazil,2,1,2010,3.575865758,3.769764567,,3689
23,Brain and central nervous system,76,Brazil,2,1,2011,3.466490594,3.737677077,,3689
23,Brain and central nervous system,76,Brazil,2,1,2012,3.610816223,3.977182106,,3959
23,Brain and central nervous system,76,Brazil,2,1,2013,3.564086281,3.967399847,,3983
23,Brain and central nervous system,76,Brazil,2,1,2014,3.585266864,4.124625317,,4176
23,Brain and central nervous system,76,Brazil,2,1,2015,3.5851849,4.226742303,,4315
23,Brain and central nervous system,76,Brazil,2,1,2016,3.515481084,4.218315524,,4341
23,Brain and central nervous system,76,Brazil,2,1,2017,3.467527349,4.242938038,,4400
23,Brain and central nervous system,76,Brazil,2,1,2018,3.448431126,4.313912767,,4506
23,Brain and central nervous system,76,Brazil,2,1,2019,3.484658548,4.432623797,,4662
23,Brain and central nervous system,76,Brazil,2,1,2020,3.301927383,4.315967389,,4567
23,Brain and central nervous system,76,Brazil,2,1,2021,3.331744975,4.407705041,,4686
24,Thyroid,76,Brazil,2,1,2000,0.3808403547,0.3117738998,,273
24,Thyroid,76,Brazil,2,1,2001,0.4557153474,0.3831181748,,340
24,Thyroid,76,Brazil,2,1,2002,0.3861906967,0.3381937222,,304
24,Thyroid,76,Brazil,2,1,2003,0.3782801042,0.331893126,,302
24,Thyroid,76,Brazil,2,1,2004,0.4022834503,0.3682205585,,339
24,Thyroid,76,Brazil,2,1,2005,0.4118777754,0.3833921707,,357
24,Thyroid,76,Brazil,2,1,2006,0.408190876,0.401512327,,378
24,Thyroid,76,Brazil,2,1,2007,0.4114314498,0.4067698207,,387
24,Thyroid,76,Brazil,2,1,2008,0.3783899566,0.3912812587,,376
24,Thyroid,76,Brazil,2,1,2009,0.3611960332,0.3876341969,,376
24,Thyroid,76,Brazil,2,1,2010,0.3880733399,0.4261295268,,417
24,Thyroid,76,Brazil,2,1,2011,0.3751674474,0.4316211533,,426
24,Thyroid,76,Brazil,2,1,2012,0.3621612807,0.4269518552,,425
24,Thyroid,76,Brazil,2,1,2013,0.3702885013,0.4572022419,,459
24,Thyroid,76,Brazil,2,1,2014,0.3998841078,0.5066888859,,513
24,Thyroid,76,Brazil,2,1,2015,0.3852568435,0.4985890688,,509
24,Thyroid,76,Brazil,2,1,2016,0.3611739452,0.4878125761,,502
24,Thyroid,76,Brazil,2,1,2017,0.3710254156,0.5072239564,,526
24,Thyroid,76,Brazil,2,1,2018,0.3832748718,0.5418718655,,566
24,Thyroid,76,Brazil,2,1,2019,0.3643810334,0.5429060893,,571
24,Thyroid,76,Brazil,2,1,2020,0.3435576255,0.5188233187,,549
24,Thyroid,76,Brazil,2,1,2021,0.3505916788,0.5370891119,,571
25,Hodgkin lymphoma,76,Brazil,2,1,2000,0.2030702547,0.1895768035,,166
25,Hodgkin lymphoma,76,Brazil,2,1,2001,0.2127620559,0.2017004509,,179
25,Hodgkin lymphoma,76,Brazil,2,1,2002,0.1845021378,0.1779966959,,160
25,Hodgkin lymphoma,76,Brazil,2,1,2003,0.1824571471,0.1846292886,,168
25,Hodgkin lymphoma,76,Brazil,2,1,2004,0.1982489829,0.1966015371,,181
25,Hodgkin lymphoma,76,Brazil,2,1,2005,0.2054129637,0.2072680363,,193
25,Hodgkin lymphoma,76,Brazil,2,1,2006,0.204452093,0.2103159808,,198
25,Hodgkin lymphoma,76,Brazil,2,1,2007,0.1722061027,0.180786587,,172
25,Hodgkin lymphoma,76,Brazil,2,1,2008,0.2018682504,0.2185347456,,210
25,Hodgkin lymphoma,76,Brazil,2,1,2009,0.1928075924,0.2041265186,,198
25,Hodgkin lymphoma,76,Brazil,2,1,2010,0.209155088,0.227882217,,223
25,Hodgkin lymphoma,76,Brazil,2,1,2011,0.202331811,0.2299953094,,227
25,Hodgkin lymphoma,76,Brazil,2,1,2012,0.2020488862,0.2290471129,,228
25,Hodgkin lymphoma,76,Brazil,2,1,2013,0.208300555,0.2440404124,,245
25,Hodgkin lymphoma,76,Brazil,2,1,2014,0.1930705365,0.2251950604,,228
25,Hodgkin lymphoma,76,Brazil,2,1,2015,0.1896352643,0.2321524741,,237
25,Hodgkin lymphoma,76,Brazil,2,1,2016,0.193006452,0.2361323825,,243
25,Hodgkin lymphoma,76,Brazil,2,1,2017,0.1979136563,0.2449332413,,254
25,Hodgkin lymphoma,76,Brazil,2,1,2018,0.1803288666,0.2307263597,,241
25,Hodgkin lymphoma,76,Brazil,2,1,2019,0.1739965252,0.21392972,,225
25,Hodgkin lymphoma,76,Brazil,2,1,2020,0.1443908607,0.1880616401,,199
25,Hodgkin lymphoma,76,Brazil,2,1,2021,0.1662938287,0.2154000116,,229
26,Non-Hodgkin lymphoma,76,Brazil,2,1,2000,1.583481734,1.376144869,,1205
26,Non-Hodgkin lymphoma,76,Brazil,2,1,2001,1.696203863,1.489653609,,1322
26,Non-Hodgkin lymphoma,76,Brazil,2,1,2002,1.590718005,1.431760923,,1287
26,Non-Hodgkin lymphoma,76,Brazil,2,1,2003,1.675118181,1.546270292,,1407
26,Non-Hodgkin lymphoma,76,Brazil,2,1,2004,1.680666543,1.566295119,,1442
26,Non-Hodgkin lymphoma,76,Brazil,2,1,2005,1.567773181,1.520681551,,1416
26,Non-Hodgkin lymphoma,76,Brazil,2,1,2006,1.739065978,1.706958491,,1607
26,Non-Hodgkin lymphoma,76,Brazil,2,1,2007,1.65420411,1.680684608,,1599
26,Non-Hodgkin lymphoma,76,Brazil,2,1,2008,1.639295635,1.681676899,,1616
26,Non-Hodgkin lymphoma,76,Brazil,2,1,2009,1.669016993,1.774251205,,1721
26,Non-Hodgkin lymphoma,76,Brazil,2,1,2010,1.621604713,1.771963068,,1734
26,Non-Hodgkin lymphoma,76,Brazil,2,1,2011,1.645836237,1.831856914,,1808
26,Non-Hodgkin lymphoma,76,Brazil,2,1,2012,1.66720534,1.914753497,,1906
26,Non-Hodgkin lymphoma,76,Brazil,2,1,2013,1.571842208,1.850722801,,1858
26,Non-Hodgkin lymphoma,76,Brazil,2,1,2014,1.581733922,1.904281037,,1928
26,Non-Hodgkin lymphoma,76,Brazil,2,1,2015,1.550718008,1.924808488,,1965
26,Non-Hodgkin lymphoma,76,Brazil,2,1,2016,1.531983665,1.975543759,,2033
26,Non-Hodgkin lymphoma,76,Brazil,2,1,2017,1.473693333,1.947894281,,2020
26,Non-Hodgkin lymphoma,76,Brazil,2,1,2018,1.484663885,2.003777058,,2093
26,Non-Hodgkin lymphoma,76,Brazil,2,1,2019,1.520886297,2.125035218,,2235
26,Non-Hodgkin lymphoma,76,Brazil,2,1,2020,1.297621221,1.828639566,,1935
26,Non-Hodgkin lymphoma,76,Brazil,2,1,2021,1.297890783,1.865232415,,1983
27,Multiple myeloma,76,Brazil,2,1,2000,0.9348345452,0.7571651852,,663
27,Multiple myeloma,76,Brazil,2,1,2001,0.9185843369,0.768489986,,682
27,Multiple myeloma,76,Brazil,2,1,2002,0.9871103767,0.849934223,,764
27,Multiple myeloma,76,Brazil,2,1,2003,0.9797857168,0.8791870887,,800
27,Multiple myeloma,76,Brazil,2,1,2004,1.055375293,0.9493355992,,874
27,Multiple myeloma,76,Brazil,2,1,2005,1.095911922,1.028822688,,958
27,Multiple myeloma,76,Brazil,2,1,2006,0.9984818493,0.9634171444,,907
27,Multiple myeloma,76,Brazil,2,1,2007,0.9922458957,0.9838153804,,936
27,Multiple myeloma,76,Brazil,2,1,2008,1.051560265,1.06249512,,1021
27,Multiple myeloma,76,Brazil,2,1,2009,1.015367373,1.060839332,,1029
27,Multiple myeloma,76,Brazil,2,1,2010,1.109671117,1.189483859,,1164
27,Multiple myeloma,76,Brazil,2,1,2011,1.02221323,1.148963352,,1134
27,Multiple myeloma,76,Brazil,2,1,2012,1.057912643,1.214552454,,1209
27,Multiple myeloma,76,Brazil,2,1,2013,1.078840769,1.281959227,,1287
27,Multiple myeloma,76,Brazil,2,1,2014,1.135371771,1.393641361,,1411
27,Multiple myeloma,76,Brazil,2,1,2015,1.106187463,1.410546678,,1440
27,Multiple myeloma,76,Brazil,2,1,2016,1.091594544,1.420681248,,1462
27,Multiple myeloma,76,Brazil,2,1,2017,1.119246199,1.517814653,,1574
27,Multiple myeloma,76,Brazil,2,1,2018,1.155445038,1.604553439,,1676
27,Multiple myeloma,76,Brazil,2,1,2019,1.180758942,1.697175778,,1785
27,Multiple myeloma,76,Brazil,2,1,2020,1.051998234,1.554579889,,1645
27,Multiple myeloma,76,Brazil,2,1,2021,1.039003056,1.582108382,,1682
28,Leukaemia,76,Brazil,2,1,2000,2.561217986,2.334307147,,2044
28,Leukaemia,76,Brazil,2,1,2001,2.799268601,2.568018589,,2279
28,Leukaemia,76,Brazil,2,1,2002,2.57865398,2.379593329,,2139
28,Leukaemia,76,Brazil,2,1,2003,2.664800931,2.476010638,,2253
28,Leukaemia,76,Brazil,2,1,2004,2.676357934,2.539527038,,2338
28,Leukaemia,76,Brazil,2,1,2005,2.729023466,2.644009872,,2462
28,Leukaemia,76,Brazil,2,1,2006,2.752318163,2.712863712,,2554
28,Leukaemia,76,Brazil,2,1,2007,2.845768939,2.835826812,,2698
28,Leukaemia,76,Brazil,2,1,2008,2.719907567,2.77643191,,2668
28,Leukaemia,76,Brazil,2,1,2009,2.63943431,2.745398581,,2663
28,Leukaemia,76,Brazil,2,1,2010,2.633732188,2.794878311,,2735
28,Leukaemia,76,Brazil,2,1,2011,2.739677064,2.948398019,,2910
28,Leukaemia,76,Brazil,2,1,2012,2.720184338,2.967566542,,2954
28,Leukaemia,76,Brazil,2,1,2013,2.550772371,2.865731699,,2877
28,Leukaemia,76,Brazil,2,1,2014,2.563510219,2.929511181,,2966
28,Leukaemia,76,Brazil,2,1,2015,2.65805028,3.082632219,,3147
28,Leukaemia,76,Brazil,2,1,2016,2.655755539,3.158149148,,3250
28,Leukaemia,76,Brazil,2,1,2017,2.497980886,3.04141513,,3154
28,Leukaemia,76,Brazil,2,1,2018,2.558482179,3.172726789,,3314
28,Leukaemia,76,Brazil,2,1,2019,2.534586742,3.190880623,,3356
28,Leukaemia,76,Brazil,2,1,2020,2.23806126,2.867231237,,3034
28,Leukaemia,76,Brazil,2,1,2021,2.287610265,2.938470027,,3124
3,Stomach,76,Brazil,2,1,2000,5.128945996,4.304307063,,3769
3,Stomach,76,Brazil,2,1,2001,4.992306884,4.281909013,,3800
3,Stomach,76,Brazil,2,1,2002,4.898804568,4.285270454,,3852
3,Stomach,76,Brazil,2,1,2003,4.945483395,4.424509024,,4026
3,Stomach,76,Brazil,2,1,2004,4.851393721,4.484904679,,4129
3,Stomach,76,Brazil,2,1,2005,4.858692393,4.626480312,,4308
3,Stomach,76,Brazil,2,1,2006,4.867343366,4.786281866,,4506
3,Stomach,76,Brazil,2,1,2007,4.794448882,4.851807474,,4616
3,Stomach,76,Brazil,2,1,2008,4.507188864,4.697456388,,4514
3,Stomach,76,Brazil,2,1,2009,4.144218814,4.454700439,,4321
3,Stomach,76,Brazil,2,1,2010,4.420142332,4.871365598,,4767
3,Stomach,76,Brazil,2,1,2011,4.199871033,4.780254933,,4718
3,Stomach,76,Brazil,2,1,2012,4.271289217,5.012917077,,4990
3,Stomach,76,Brazil,2,1,2013,4.133762802,5.019263828,,5039
3,Stomach,76,Brazil,2,1,2014,3.943177773,4.943426655,,5005
3,Stomach,76,Brazil,2,1,2015,3.904180863,5.027031633,,5132
3,Stomach,76,Brazil,2,1,2016,3.869096402,5.07830383,,5226
3,Stomach,76,Brazil,2,1,2017,3.635492296,4.924701037,,5107
3,Stomach,76,Brazil,2,1,2018,3.710061105,5.14491061,,5374
3,Stomach,76,Brazil,2,1,2019,3.640980087,5.205623185,,5475
3,Stomach,76,Brazil,2,1,2020,3.289944974,4.79887944,,5078
3,Stomach,76,Brazil,2,1,2021,3.336836142,4.940091096,,5252
5,Colon,76,Brazil,2,1,2000,3.747236616,3.117738998,,2730
5,Colon,76,Brazil,2,1,2001,3.662945713,3.134808125,,2782
5,Colon,76,Brazil,2,1,2002,3.90905267,3.421986479,,3076
5,Colon,76,Brazil,2,1,2003,3.934658219,3.528837177,,3211
5,Colon,76,Brazil,2,1,2004,3.935080949,3.634412946,,3346
5,Colon,76,Brazil,2,1,2005,4.027458841,3.816738865,,3554
5,Colon,76,Brazil,2,1,2006,3.925960108,3.851544174,,3626
5,Colon,76,Brazil,2,1,2007,4.041219168,4.070851462,,3873
5,Colon,76,Brazil,2,1,2008,4.027143273,4.18025749,,4017
5,Colon,76,Brazil,2,1,2009,4.04731558,4.35263718,,4222
5,Colon,76,Brazil,2,1,2010,4.060695867,4.488155592,,4392
5,Colon,76,Brazil,2,1,2011,4.035643006,4.619156897,,4559
5,Colon,76,Brazil,2,1,2012,4.129782511,4.86725115,,4845
5,Colon,76,Brazil,2,1,2013,4.209148847,5.098950493,,5119
5,Colon,76,Brazil,2,1,2014,4.289273209,5.382952102,,5450
5,Colon,76,Brazil,2,1,2015,4.134348871,5.308161423,,5419
5,Colon,76,Brazil,2,1,2016,4.106632336,5.459225204,,5618
5,Colon,76,Brazil,2,1,2017,4.369124084,5.973863897,,6195
5,Colon,76,Brazil,2,1,2018,4.315036334,6.073560274,,6344
5,Colon,76,Brazil,2,1,2019,4.321397034,6.269566993,,6594
5,Colon,76,Brazil,2,1,2020,4.164225771,6.148387089,,6506
5,Colon,76,Brazil,2,1,2021,4.207781914,6.340661477,,6741
6,Rectum and anus,76,Brazil,2,1,2000,1.863633913,1.54744921,,1355
6,Rectum and anus,76,Brazil,2,1,2001,1.956219243,1.672198151,,1484
6,Rectum and anus,76,Brazil,2,1,2002,2.030597001,1.787754315,,1607
6,Rectum and anus,76,Brazil,2,1,2003,2.02439813,1.811125403,,1648
6,Rectum and anus,76,Brazil,2,1,2004,2.089090689,1.941032856,,1787
6,Rectum and anus,76,Brazil,2,1,2005,2.188342508,2.068384652,,1926
6,Rectum and anus,76,Brazil,2,1,2006,2.23027574,2.179638346,,2052
6,Rectum and anus,76,Brazil,2,1,2007,2.248991282,2.251423659,,2142
6,Rectum and anus,76,Brazil,2,1,2008,2.319358206,2.39035386,,2297
6,Rectum and anus,76,Brazil,2,1,2009,2.305215181,2.474260832,,2400
6,Rectum and anus,76,Brazil,2,1,2010,2.329286303,2.554733374,,2500
6,Rectum and anus,76,Brazil,2,1,2011,2.361879648,2.673822121,,2639
6,Rectum and anus,76,Brazil,2,1,2012,2.377871369,2.775689355,,2763
6,Rectum and anus,76,Brazil,2,1,2013,2.408834179,2.892625949,,2904
6,Rectum and anus,76,Brazil,2,1,2014,2.38219072,2.970006784,,3007
6,Rectum and anus,76,Brazil,2,1,2015,2.386989983,3.050307191,,3114
6,Rectum and anus,76,Brazil,2,1,2016,2.422749243,3.158149148,,3250
6,Rectum and anus,76,Brazil,2,1,2017,2.470270008,3.341313705,,3465
6,Rectum and anus,76,Brazil,2,1,2018,2.516356043,3.495360744,,3651
6,Rectum and anus,76,Brazil,2,1,2019,2.545251798,3.604478081,,3791
6,Rectum and anus,76,Brazil,2,1,2020,2.507593912,3.638378465,,3850
6,Rectum and anus,76,Brazil,2,1,2021,2.437303919,3.627938187,,3857
7,Liver,76,Brazil,2,1,2000,3.125521859,2.598115832,,2275
7,Liver,76,Brazil,2,1,2001,3.060014309,2.606330407,,2313
7,Liver,76,Brazil,2,1,2002,3.135297036,2.734474241,,2458
7,Liver,76,Brazil,2,1,2003,3.139532111,2.822190555,,2568
7,Liver,76,Brazil,2,1,2004,3.157066981,2.901230418,,2671
7,Liver,76,Brazil,2,1,2005,3.193631694,3.026328115,,2818
7,Liver,76,Brazil,2,1,2006,3.231993478,3.140931087,,2957
7,Liver,76,Brazil,2,1,2007,3.137370378,3.137488152,,2985
7,Liver,76,Brazil,2,1,2008,3.128752241,3.203094985,,3078
7,Liver,76,Brazil,2,1,2009,3.235440786,3.41551089,,3313
7,Liver,76,Brazil,2,1,2010,3.079022785,3.384510774,,3312
7,Liver,76,Brazil,2,1,2011,3.174336607,3.589750578,,3543
7,Liver,76,Brazil,2,1,2012,3.262396887,3.795350845,,3778
7,Liver,76,Brazil,2,1,2013,3.127517195,3.744277184,,3759
7,Liver,76,Brazil,2,1,2014,3.152109248,3.881651699,,3930
7,Liver,76,Brazil,2,1,2015,3.144818498,3.979896634,,4063
7,Liver,76,Brazil,2,1,2016,3.049323834,3.988985309,,4105
7,Liver,76,Brazil,2,1,2017,3.056430156,4.138793196,,4292
7,Liver,76,Brazil,2,1,2018,3.004608957,4.182752969,,4369
7,Liver,76,Brazil,2,1,2019,3.041436552,4.358461494,,4584
7,Liver,76,Brazil,2,1,2020,3.000815204,4.412360793,,4669
7,Liver,76,Brazil,2,1,2021,2.830084666,4.265672719,,4535
8,Gallbladder etc.,76,Brazil,2,1,2000,2.095609364,1.707333261,,1495
8,Gallbladder etc.,76,Brazil,2,1,2001,2.017779831,1.689100424,,1499
8,Gallbladder etc.,76,Brazil,2,1,2002,1.979801977,1.706543322,,1534
8,Gallbladder etc.,76,Brazil,2,1,2003,1.983276819,1.753978242,,1596
8,Gallbladder etc.,76,Brazil,2,1,2004,1.944378825,1.757465675,,1618
8,Gallbladder etc.,76,Brazil,2,1,2005,1.971696641,1.826750931,,1701
8,Gallbladder etc.,76,Brazil,2,1,2006,1.976591011,1.88859502,,1778
8,Gallbladder etc.,76,Brazil,2,1,2007,1.898233037,1.86462445,,1774
8,Gallbladder etc.,76,Brazil,2,1,2008,1.868685097,1.896049078,,1822
8,Gallbladder etc.,76,Brazil,2,1,2009,1.796323975,1.884562,,1828
8,Gallbladder etc.,76,Brazil,2,1,2010,1.740636561,1.904809204,,1864
8,Gallbladder etc.,76,Brazil,2,1,2011,1.742935768,1.974717436,,1949
8,Gallbladder etc.,76,Brazil,2,1,2012,1.695667075,1.995120905,,1986
8,Gallbladder etc.,76,Brazil,2,1,2013,1.696363369,2.053923797,,2062
8,Gallbladder etc.,76,Brazil,2,1,2014,1.685736332,2.082066611,,2108
8,Gallbladder etc.,76,Brazil,2,1,2015,1.575176244,1.981622173,,2023
8,Gallbladder etc.,76,Brazil,2,1,2016,1.636418777,2.151428374,,2214
8,Gallbladder etc.,76,Brazil,2,1,2017,1.64734798,2.24393564,,2327
8,Gallbladder etc.,76,Brazil,2,1,2018,1.67536565,2.342686316,,2447
8,Gallbladder etc.,76,Brazil,2,1,2019,1.618000813,2.327555353,,2448
8,Gallbladder etc.,76,Brazil,2,1,2020,1.486753202,2.178301912,,2305
8,Gallbladder etc.,76,Brazil,2,1,2021,1.437938838,2.15682195,,2293
9,Pancreas,76,Brazil,2,1,2000,2.992262726,2.474776706,,2167
9,Pancreas,76,Brazil,2,1,2001,3.115418959,2.629993588,,2334
9,Pancreas,76,Brazil,2,1,2002,3.108185589,2.682187712,,2411
9,Pancreas,76,Brazil,2,1,2003,3.007574822,2.671629766,,2431
9,Pancreas,76,Brazil,2,1,2004,3.350843716,3.055470298,,2813
9,Pancreas,76,Brazil,2,1,2005,3.269987327,3.08324628,,2871
9,Pancreas,76,Brazil,2,1,2006,3.299936732,3.182356962,,2996
9,Pancreas,76,Brazil,2,1,2007,3.423924286,3.418127796,,3252
9,Pancreas,76,Brazil,2,1,2008,3.440961847,3.534019028,,3396
9,Pancreas,76,Brazil,2,1,2009,3.419571145,3.648503785,,3539
9,Pancreas,76,Brazil,2,1,2010,3.519333755,3.850494142,,3768
9,Pancreas,76,Brazil,2,1,2011,3.483668292,3.974764753,,3923
9,Pancreas,76,Brazil,2,1,2012,3.595147443,4.225316478,,4206
9,Pancreas,76,Brazil,2,1,2013,3.542786794,4.318021174,,4335
9,Pancreas,76,Brazil,2,1,2014,3.465441089,4.360685051,,4415
9,Pancreas,76,Brazil,2,1,2015,3.626527999,4.709658631,,4808
9,Pancreas,76,Brazil,2,1,2016,3.563227231,4.768319345,,4907
9,Pancreas,76,Brazil,2,1,2017,3.79984291,5.243885694,,5438
9,Pancreas,76,Brazil,2,1,2018,3.776547243,5.361276408,,5600
9,Pancreas,76,Brazil,2,1,2019,3.827427837,5.603057065,,5893
9,Pancreas,76,Brazil,2,1,2020,3.796592626,5.680595572,,6011
9,Pancreas,76,Brazil,2,1,2021,3.68683864,5.664361877,,6022