Cancer label,Country,Sex,Year,ASR (World),Crude rate,Total incidence,CO2_Emissions,PM2.5,Precipitation,Humidity,Temperature
"Lip,  oral cavity and pharynx ",Chile,Male,2000,1.966982132,1.801990188,139,12526,29,0.044,64.04,9.191
"Lip,  oral cavity and pharynx ",Chile,Male,2001,1.856252103,1.71741929,134,12482,27,0.045,64.58,9.535
"Lip,  oral cavity and pharynx ",Chile,Male,2002,1.750830636,1.762211939,139,12498,27,0.049,64.56,9.272
"Lip,  oral cavity and pharynx ",Chile,Male,2003,1.641194389,1.681337908,134,13283,27,0.04,62.95,9.873
"Lip,  oral cavity and pharynx ",Chile,Male,2004,1.546056538,1.614873331,130,14037,28,0.041,63.95,9.827
"Lip,  oral cavity and pharynx ",Chile,Male,2005,1.686637513,1.771239281,144,14076,28,0.046,63.47,9.486
"Lip,  oral cavity and pharynx ",Chile,Male,2006,1.373901755,1.498320876,123,14269,28,0.047,63.53,9.948
"Lip,  oral cavity and pharynx ",Chile,Male,2007,1.580444674,1.773294011,147,16370,29,0.035,63.05,8.968
"Lip,  oral cavity and pharynx ",Chile,Male,2008,1.4565731,1.684025566,141,16710,30,0.042,62.75,9.767
"Lip,  oral cavity and pharynx ",Chile,Male,2009,1.294729692,1.572505974,133,15860,29,0.044,62.32,9.654
"Lip,  oral cavity and pharynx ",Chile,Male,2010,1.385905507,1.650396991,141,17643,30,0.038,62.62,9.24
"Lip,  oral cavity and pharynx ",Chile,Male,2011,1.462738138,1.854331161,160,18582,32,0.039,63.21,9.456
"Lip,  oral cavity and pharynx ",Chile,Male,2012,1.534155581,2.054576791,179,16176,34,0.042,63.46,9.815
"Lip,  oral cavity and pharynx ",Chile,Male,2013,1.710899268,2.228185397,196,17454,36,0.038,62.28,9.763
"Lip,  oral cavity and pharynx ",Chile,Male,2014,1.244765882,1.699480713,151,16394,25,0.042,61.6,9.611
"Lip,  oral cavity and pharynx ",Chile,Male,2015,1.243576962,1.76015837,158,16984,24,0.042,60.98,10.09
"Lip,  oral cavity and pharynx ",Chile,Male,2016,1.451772095,2.058181829,187,17639,24,0.033,61.75,10.35
"Lip,  oral cavity and pharynx ",Chile,Male,2017,1.056805974,1.603294119,148,17924,24,0.045,62.9,9.816
"Lip,  oral cavity and pharynx ",Chile,Male,2018,1.409156506,2.106914302,198,17962,25,0.041,62.12,9.798
"Lip,  oral cavity and pharynx ",Chile,Male,2019,1.217033442,1.811678151,173,18629,25,0.036,59.98,10.2
"Lip,  oral cavity and pharynx ",Chile,Male,2020,1.223544467,1.94119558,187,17160,24,0.038,60.8,10.16
"Lip,  oral cavity and pharynx ",Chile,Male,2021,1.418871349,2.243504615,217,18934,25,0.032,61.39,9.977
Larynx,Chile,Male,2000,1.25809116,1.205648111,93,12526,29,0.044,64.04,9.191
Larynx,Chile,Male,2001,1.291803969,1.281656187,100,12482,27,0.045,64.58,9.535
Larynx,Chile,Male,2002,1.362690053,1.293133941,102,12498,27,0.049,64.56,9.272
Larynx,Chile,Male,2003,1.308316299,1.317466271,105,13283,27,0.04,62.95,9.873
Larynx,Chile,Male,2004,1.247095562,1.354009178,109,14037,28,0.041,63.95,9.827
Larynx,Chile,Male,2005,1.296692887,1.402231097,114,14076,28,0.046,63.47,9.486
Larynx,Chile,Male,2006,1.184172699,1.327780288,109,14269,28,0.047,63.53,9.948
Larynx,Chile,Male,2007,1.169089263,1.423460499,118,16370,29,0.035,63.05,8.968
Larynx,Chile,Male,2008,1.061023812,1.254061592,105,16710,30,0.042,62.75,9.767
Larynx,Chile,Male,2009,1.216825376,1.596152681,135,15860,29,0.044,62.32,9.654
Larynx,Chile,Male,2010,0.9856456875,1.287543752,110,17643,30,0.038,62.62,9.24
Larynx,Chile,Male,2011,1.056295078,1.41392751,122,18582,32,0.039,63.21,9.456
Larynx,Chile,Male,2012,1.077600824,1.469194577,128,16176,34,0.042,63.46,9.815
Larynx,Chile,Male,2013,0.9608782683,1.295985384,114,17454,36,0.038,62.28,9.763
Larynx,Chile,Male,2014,1.00317848,1.429364573,127,16394,25,0.042,61.6,9.611
Larynx,Chile,Male,2015,1.010350801,1.470512056,132,16984,24,0.042,60.98,10.09
Larynx,Chile,Male,2016,0.7822241783,1.188682553,108,17639,24,0.033,61.75,10.35
Larynx,Chile,Male,2017,0.8501098313,1.310801273,121,17924,24,0.045,62.9,9.816
Larynx,Chile,Male,2018,0.8085543244,1.276917759,120,17962,25,0.041,62.12,9.798
Larynx,Chile,Male,2019,0.6535183083,1.110045572,106,18629,25,0.036,59.98,10.2
Larynx,Chile,Male,2020,0.6943645347,1.183402653,114,17160,24,0.038,60.8,10.16
Larynx,Chile,Male,2021,0.7317271746,1.219970251,118,18934,25,0.032,61.39,9.977
Colorectum,Chile,Male,2000,7.077591906,6.430123261,496,12526,29,0.044,64.04,9.191
Colorectum,Chile,Male,2001,7.64370444,7.446422446,581,12482,27,0.045,64.58,9.535
Colorectum,Chile,Male,2002,7.009590063,7.061525538,557,12498,27,0.049,64.56,9.272
Colorectum,Chile,Male,2003,7.739011687,7.904797629,630,13283,27,0.04,62.95,9.873
Colorectum,Chile,Male,2004,7.338958174,7.925301425,638,14037,28,0.041,63.95,9.827
Colorectum,Chile,Male,2005,7.742812468,8.622491221,701,14076,28,0.046,63.47,9.486
Colorectum,Chile,Male,2006,7.450268187,8.697569961,714,14269,28,0.047,63.53,9.948
Colorectum,Chile,Male,2007,7.302960253,8.950912628,742,16370,29,0.035,63.05,8.968
Colorectum,Chile,Male,2008,7.766523927,9.518924655,797,16710,30,0.042,62.75,9.767
Colorectum,Chile,Male,2009,7.705300648,9.801559796,829,15860,29,0.044,62.32,9.654
Colorectum,Chile,Male,2010,8.418787127,10.97923672,938,17643,30,0.038,62.62,9.24
Colorectum,Chile,Male,2011,8.228276558,10.97532256,947,18582,32,0.039,63.21,9.456
Colorectum,Chile,Male,2012,8.452049892,11.6272977,1013,16176,34,0.042,63.46,9.815
Colorectum,Chile,Male,2013,8.843308265,12.33459773,1085,17454,36,0.038,62.28,9.763
Colorectum,Chile,Male,2014,9.383245055,13.56208119,1205,16394,25,0.042,61.6,9.611
Colorectum,Chile,Male,2015,9.575719354,13.95872429,1253,16984,24,0.042,60.98,10.09
Colorectum,Chile,Male,2016,9.280861162,13.95601368,1268,17639,24,0.033,61.75,10.35
Colorectum,Chile,Male,2017,9.104329137,14.10465502,1302,17924,24,0.045,62.9,9.816
Colorectum,Chile,Male,2018,9.800922616,15.2698082,1435,17962,25,0.041,62.12,9.798
Colorectum,Chile,Male,2019,9.960279402,15.81291334,1510,18629,25,0.036,59.98,10.2
Colorectum,Chile,Male,2020,10.37303582,16.88943962,1627,17160,24,0.038,60.8,10.16
Colorectum,Chile,Male,2021,11.45458411,18.98191001,1836,18934,25,0.032,61.39,9.977
Lung,Chile,Male,2000,17.42628356,16.50311877,1273,12526,29,0.044,64.04,9.191
Lung,Chile,Male,2001,17.864219,17.03321072,1329,12482,27,0.045,64.58,9.535
Lung,Chile,Male,2002,17.1016388,17.10233025,1349,12498,27,0.049,64.56,9.272
Lung,Chile,Male,2003,15.92718517,16.43696015,1310,13283,27,0.04,62.95,9.873
Lung,Chile,Male,2004,16.97098319,18.13626972,1460,14037,28,0.041,63.95,9.827
Lung,Chile,Male,2005,16.49808812,18.17980317,1478,14076,28,0.046,63.47,9.486
Lung,Chile,Male,2006,16.53152601,18.75946462,1540,14269,28,0.047,63.53,9.948
Lung,Chile,Male,2007,15.88576229,18.52911293,1536,16370,29,0.035,63.05,8.968
Lung,Chile,Male,2008,14.70263424,17.38965408,1456,16710,30,0.042,62.75,9.767
Lung,Chile,Male,2009,15.42022959,18.74001481,1585,15860,29,0.044,62.32,9.654
Lung,Chile,Male,2010,15.7263159,19.79305895,1691,17643,30,0.038,62.62,9.24
Lung,Chile,Male,2011,15.58429562,19.95723912,1722,18582,32,0.039,63.21,9.456
Lung,Chile,Male,2012,14.73649889,19.28317882,1680,16176,34,0.042,63.46,9.815
Lung,Chile,Male,2013,15.11371481,20.56524175,1809,17454,36,0.038,62.28,9.763
Lung,Chile,Male,2014,14.85401237,20.57384598,1828,16394,25,0.042,61.6,9.611
Lung,Chile,Male,2015,14.48036936,20.55374805,1845,16984,24,0.042,60.98,10.09
Lung,Chile,Male,2016,14.02419595,20.63684989,1875,17639,24,0.033,61.75,10.35
Lung,Chile,Male,2017,13.55452833,20.55033071,1897,17924,24,0.045,62.9,9.816
Lung,Chile,Male,2018,13.5186356,20.84568241,1959,17962,25,0.041,62.12,9.798
Lung,Chile,Male,2019,12.89001034,20.42064968,1950,18629,25,0.036,59.98,10.2
Lung,Chile,Male,2020,12.67103348,20.57459701,1982,17160,24,0.038,60.8,10.16
Lung,Chile,Male,2021,12.92110384,21.6182864,2091,18934,25,0.032,61.39,9.977
Melanoma of skin,Chile,Male,2000,1.235513534,1.101936446,85,12526,29,0.044,64.04,9.191
Melanoma of skin,Chile,Male,2001,0.8921442222,0.884342769,69,12482,27,0.045,64.58,9.535
Melanoma of skin,Chile,Male,2002,1.004807855,1.026900482,81,12498,27,0.049,64.56,9.272
Melanoma of skin,Chile,Male,2003,1.253773352,1.217087889,97,13283,27,0.04,62.95,9.873
Melanoma of skin,Chile,Male,2004,1.024522156,1.043456614,84,14037,28,0.041,63.95,9.827
Melanoma of skin,Chile,Male,2005,0.9979445505,1.131625096,92,14076,28,0.046,63.47,9.486
Melanoma of skin,Chile,Male,2006,0.8687370902,0.9745176427,80,14269,28,0.047,63.53,9.948
Melanoma of skin,Chile,Male,2007,0.7031230039,0.7961728214,66,16370,29,0.035,63.05,8.968
Melanoma of skin,Chile,Male,2008,0.6057207802,0.7524369552,63,16710,30,0.042,62.75,9.767
Melanoma of skin,Chile,Male,2009,0.6543208342,0.7803413106,66,15860,29,0.044,62.32,9.654
Melanoma of skin,Chile,Male,2010,0.7824676046,1.006625115,86,17643,30,0.038,62.62,9.24
Melanoma of skin,Chile,Male,2011,1.000113129,1.251673534,108,18582,32,0.039,63.21,9.456
Melanoma of skin,Chile,Male,2012,0.62428704,0.8034657841,70,16176,34,0.042,63.46,9.815
Melanoma of skin,Chile,Male,2013,0.6439824965,0.863990256,76,17454,36,0.038,62.28,9.763
Melanoma of skin,Chile,Male,2014,0.865144227,1.20426779,107,16394,25,0.042,61.6,9.611
Melanoma of skin,Chile,Male,2015,0.8854392517,1.258847442,113,16984,24,0.042,60.98,10.09
Melanoma of skin,Chile,Male,2016,0.8492059199,1.221701513,111,17639,24,0.033,61.75,10.35
Melanoma of skin,Chile,Male,2017,0.9115713505,1.289135137,119,17924,24,0.045,62.9,9.816
Melanoma of skin,Chile,Male,2018,0.9048050105,1.298199722,122,17962,25,0.041,62.12,9.798
Melanoma of skin,Chile,Male,2019,1.003009912,1.518458566,145,18629,25,0.036,59.98,10.2
Melanoma of skin,Chile,Male,2020,0.8331755229,1.245687003,120,17160,24,0.038,60.8,10.16
Melanoma of skin,Chile,Male,2021,0.9074798068,1.468099794,142,18934,25,0.032,61.39,9.977
Prostate,Chile,Male,2000,19.20682867,16.64572231,1284,12526,29,0.044,64.04,9.191
Prostate,Chile,Male,2001,18.0168235,16.469282,1285,12482,27,0.045,64.58,9.535
Prostate,Chile,Male,2002,18.10649479,17.07697469,1347,12498,27,0.049,64.56,9.272
Prostate,Chile,Male,2003,17.86065761,18.4696224,1472,13283,27,0.04,62.95,9.873
Prostate,Chile,Male,2004,17.06967024,18.16111392,1462,14037,28,0.041,63.95,9.827
Prostate,Chile,Male,2005,16.23106815,18.62261299,1514,14076,28,0.046,63.47,9.486
Prostate,Chile,Male,2006,15.99701481,19.46598991,1598,14269,28,0.047,63.53,9.948
Prostate,Chile,Male,2007,14.99705597,19.10814771,1584,16370,29,0.035,63.05,8.968
Prostate,Chile,Male,2008,14.44654393,19.36032229,1621,16710,30,0.042,62.75,9.767
Prostate,Chile,Male,2009,14.67706699,20.72633814,1753,15860,29,0.044,62.32,9.654
Prostate,Chile,Male,2010,15.41880902,22.52031071,1924,17643,30,0.038,62.62,9.24
Prostate,Chile,Male,2011,14.71385791,22.50694447,1942,18582,32,0.039,63.21,9.456
Prostate,Chile,Male,2012,14.82812084,23.47267898,2045,16176,34,0.042,63.46,9.815
Prostate,Chile,Male,2013,14.2608155,23.20268569,2041,17454,36,0.038,62.28,9.763
Prostate,Chile,Male,2014,13.73682468,23.11743963,2054,16394,25,0.042,61.6,9.611
Prostate,Chile,Male,2015,13.57702633,23.36108925,2097,16984,24,0.042,60.98,10.09
Prostate,Chile,Male,2016,13.17208472,23.20132243,2108,17639,24,0.033,61.75,10.35
Prostate,Chile,Male,2017,12.99891387,23.6702544,2185,17924,24,0.045,62.9,9.816
Prostate,Chile,Male,2018,12.53624567,22.93131475,2155,17962,25,0.041,62.12,9.798
Prostate,Chile,Male,2019,12.37184345,23.2690685,2222,18629,25,0.036,59.98,10.2
Prostate,Chile,Male,2020,11.15942613,21.84104546,2104,17160,24,0.038,60.8,10.16
Prostate,Chile,Male,2021,12.57000367,25.13345492,2431,18934,25,0.032,61.39,9.977
Oesophagus,Chile,Male,2000,6.729516875,6.196772013,478,12526,29,0.044,64.04,9.191
Oesophagus,Chile,Male,2001,5.62250815,5.664920346,442,12482,27,0.045,64.58,9.535
Oesophagus,Chile,Male,2002,5.975708857,5.857136084,462,12498,27,0.049,64.56,9.272
Oesophagus,Chile,Male,2003,5.578513232,5.784304297,461,13283,27,0.04,62.95,9.873
Oesophagus,Chile,Male,2004,4.92689611,5.26697148,424,14037,28,0.041,63.95,9.827
Oesophagus,Chile,Male,2005,4.895401351,5.572023571,453,14076,28,0.046,63.47,9.486
Oesophagus,Chile,Male,2006,4.500614008,5.262395271,432,14269,28,0.047,63.53,9.948
Oesophagus,Chile,Male,2007,4.208139796,5.187186563,430,16370,29,0.035,63.05,8.968
Oesophagus,Chile,Male,2008,4.166980367,5.207341468,436,16710,30,0.042,62.75,9.767
Oesophagus,Chile,Male,2009,3.863523654,5.024925106,425,15860,29,0.044,62.32,9.654
Oesophagus,Chile,Male,2010,3.462589088,4.763911881,407,17643,30,0.038,62.62,9.24
Oesophagus,Chile,Male,2011,3.623242475,5.076231554,438,18582,32,0.039,63.21,9.456
Oesophagus,Chile,Male,2012,3.177681897,4.545320721,396,16176,34,0.042,63.46,9.815
Oesophagus,Chile,Male,2013,2.984047103,4.354056159,383,17454,36,0.038,62.28,9.763
Oesophagus,Chile,Male,2014,2.766425232,4.231819524,376,16394,25,0.042,61.6,9.611
Oesophagus,Chile,Male,2015,2.746745773,4.311273981,387,16984,24,0.042,60.98,10.09
Oesophagus,Chile,Male,2016,2.942269426,4.743723894,431,17639,24,0.033,61.75,10.35
Oesophagus,Chile,Male,2017,2.692373947,4.33322735,400,17924,24,0.045,62.9,9.816
Oesophagus,Chile,Male,2018,2.535625621,4.203187623,395,17962,25,0.041,62.12,9.798
Oesophagus,Chile,Male,2019,2.428277059,4.126018447,394,18629,25,0.036,59.98,10.2
Oesophagus,Chile,Male,2020,2.22116355,3.944675511,380,17160,24,0.038,60.8,10.16
Oesophagus,Chile,Male,2021,2.319473816,4.083798723,395,18934,25,0.032,61.39,9.977
Testis,Chile,Male,2000,1.237517027,1.36121561,105,12526,29,0.044,64.04,9.191
Testis,Chile,Male,2001,1.112125171,1.179123692,92,12482,27,0.045,64.58,9.535
Testis,Chile,Male,2002,1.191675756,1.293133941,102,12498,27,0.049,64.56,9.272
Testis,Chile,Male,2003,1.259223456,1.367655463,109,13283,27,0.04,62.95,9.873
Testis,Chile,Male,2004,1.129589593,1.229788152,99,14037,28,0.041,63.95,9.827
Testis,Chile,Male,2005,0.9964529021,1.143925369,93,14076,28,0.046,63.47,9.486
Testis,Chile,Male,2006,0.8655495649,0.9866991132,81,14269,28,0.047,63.53,9.948
Testis,Chile,Male,2007,0.9297299839,1.061563762,88,16370,29,0.035,63.05,8.968
Testis,Chile,Male,2008,0.816623002,0.9435320549,79,16710,30,0.042,62.75,9.767
Testis,Chile,Male,2009,1.254850718,1.430625736,121,15860,29,0.044,62.32,9.654
Testis,Chile,Male,2010,1.08120877,1.229019036,105,17643,30,0.038,62.62,9.24
Testis,Chile,Male,2011,1.038822757,1.216904825,105,18582,32,0.039,63.21,9.456
Testis,Chile,Male,2012,0.9262938675,1.09041785,95,16176,34,0.042,63.46,9.815
Testis,Chile,Male,2013,0.9862277533,1.125460991,99,17454,36,0.038,62.28,9.763
Testis,Chile,Male,2014,1.08829231,1.249287147,111,16394,25,0.042,61.6,9.611
Testis,Chile,Male,2015,1.073212134,1.236566956,111,16984,24,0.042,60.98,10.09
Testis,Chile,Male,2016,0.8615921204,1.001575114,91,17639,24,0.033,61.75,10.35
Testis,Chile,Male,2017,0.9290550691,1.104972974,102,17924,24,0.045,62.9,9.816
Testis,Chile,Male,2018,0.9599775066,1.138585002,107,17962,25,0.041,62.12,9.798
Testis,Chile,Male,2019,1.031315629,1.225238981,117,18629,25,0.036,59.98,10.2
Testis,Chile,Male,2020,0.941875038,1.162641203,112,17160,24,0.038,60.8,10.16
Testis,Chile,Male,2021,0.8131317608,1.013195632,98,18934,25,0.032,61.39,9.977
Kidney,Chile,Male,2000,3.489074521,3.305809338,255,12526,29,0.044,64.04,9.191
Kidney,Chile,Male,2001,3.655318251,3.614270447,282,12482,27,0.045,64.58,9.535
Kidney,Chile,Male,2002,3.576621152,3.537101661,279,12498,27,0.049,64.56,9.272
Kidney,Chile,Male,2003,3.750514459,3.764189347,300,13283,27,0.04,62.95,9.873
Kidney,Chile,Male,2004,3.810706195,3.99991702,322,14037,28,0.041,63.95,9.827
Kidney,Chile,Male,2005,3.864602095,4.378897111,356,14076,28,0.046,63.47,9.486
Kidney,Chile,Male,2006,3.498152142,3.934614982,323,14269,28,0.047,63.53,9.948
Kidney,Chile,Male,2007,3.241856948,3.88435831,322,16370,29,0.035,63.05,8.968
Kidney,Chile,Male,2008,3.587570133,4.204092194,352,16710,30,0.042,62.75,9.767
Kidney,Chile,Male,2009,4.068151712,4.942161634,418,15860,29,0.044,62.32,9.654
Kidney,Chile,Male,2010,3.881681733,4.822436597,412,17643,30,0.038,62.62,9.24
Kidney,Chile,Male,2011,3.410573599,4.392446938,379,18582,32,0.039,63.21,9.456
Kidney,Chile,Male,2012,3.985741039,5.32583034,464,16176,34,0.042,63.46,9.815
Kidney,Chile,Male,2013,3.670335971,4.956575679,436,17454,36,0.038,62.28,9.763
Kidney,Chile,Male,2014,4.058693833,5.661184097,503,16394,25,0.042,61.6,9.611
Kidney,Chile,Male,2015,3.943376756,5.63696288,506,16984,24,0.042,60.98,10.09
Kidney,Chile,Male,2016,4.267327453,6.097501246,554,17639,24,0.033,61.75,10.35
Kidney,Chile,Male,2017,3.985062161,5.925688401,547,17924,24,0.045,62.9,9.816
Kidney,Chile,Male,2018,3.944718724,5.937667579,558,17962,25,0.041,62.12,9.798
Kidney,Chile,Male,2019,4.250391138,6.40894236,612,18629,25,0.036,59.98,10.2
Kidney,Chile,Male,2020,3.906411837,6.197292842,597,17160,24,0.038,60.8,10.16
Kidney,Chile,Male,2021,4.08163778,6.57543288,636,18934,25,0.032,61.39,9.977
Bladder,Chile,Male,2000,2.933872549,2.579827679,199,12526,29,0.044,64.04,9.191
Bladder,Chile,Male,2001,2.668518147,2.486413003,194,12482,27,0.045,64.58,9.535
Bladder,Chile,Male,2002,2.621183452,2.573590097,203,12498,27,0.049,64.56,9.272
Bladder,Chile,Male,2003,2.268972524,2.383986586,190,13283,27,0.04,62.95,9.873
Bladder,Chile,Male,2004,2.432440582,2.596219432,209,14037,28,0.041,63.95,9.827
Bladder,Chile,Male,2005,2.691558921,3.087368469,251,14076,28,0.046,63.47,9.486
Bladder,Chile,Male,2006,2.275409593,2.655560576,218,14269,28,0.047,63.53,9.948
Bladder,Chile,Male,2007,2.428018816,3.039932591,252,16370,29,0.035,63.05,8.968
Bladder,Chile,Male,2008,2.26354365,2.902256827,243,16710,30,0.042,62.75,9.767
Bladder,Chile,Male,2009,2.408520115,3.121365243,264,15860,29,0.044,62.32,9.654
Bladder,Chile,Male,2010,2.649236377,3.605122505,308,17643,30,0.038,62.62,9.24
Bladder,Chile,Male,2011,2.153005435,3.106004695,268,18582,32,0.039,63.21,9.456
Bladder,Chile,Male,2012,2.179149303,3.133516558,273,16176,34,0.042,63.46,9.815
Bladder,Chile,Male,2013,2.18573136,3.23996346,285,17454,36,0.038,62.28,9.763
Bladder,Chile,Male,2014,2.480078019,3.792880797,337,16394,25,0.042,61.6,9.611
Bladder,Chile,Male,2015,2.67440033,4.211011796,378,16984,24,0.042,60.98,10.09
Bladder,Chile,Male,2016,2.340477116,3.830199339,348,17639,24,0.033,61.75,10.35
Bladder,Chile,Male,2017,2.47317524,4.094899846,378,17924,24,0.045,62.9,9.816
Bladder,Chile,Male,2018,2.484184749,4.235110567,398,17962,25,0.041,62.12,9.798
Bladder,Chile,Male,2019,2.271348336,3.927048014,375,18629,25,0.036,59.98,10.2
Bladder,Chile,Male,2020,2.273598945,4.027721311,388,17160,24,0.038,60.8,10.16
Bladder,Chile,Male,2021,2.300327849,4.197524763,406,18934,25,0.032,61.39,9.977
Brain and central nervous system,Chile,Male,2000,1.678642663,1.620494773,125,12526,29,0.044,64.04,9.191
Brain and central nervous system,Chile,Male,2001,2.073554209,2.025016775,158,12482,27,0.045,64.58,9.535
Brain and central nervous system,Chile,Male,2002,1.777423361,1.774889722,140,12498,27,0.049,64.56,9.272
Brain and central nervous system,Chile,Male,2003,1.712559472,1.7315271,138,13283,27,0.04,62.95,9.873
Brain and central nervous system,Chile,Male,2004,2.111250679,2.186290048,176,14037,28,0.041,63.95,9.827
Brain and central nervous system,Chile,Male,2005,1.884559822,2.041845282,166,14076,28,0.046,63.47,9.486
Brain and central nervous system,Chile,Male,2006,1.713817261,1.802857639,148,14269,28,0.047,63.53,9.948
Brain and central nervous system,Chile,Male,2007,2.029177713,2.183443646,181,16370,29,0.035,63.05,8.968
Brain and central nervous system,Chile,Male,2008,2.080057426,2.317028084,194,16710,30,0.042,62.75,9.767
Brain and central nervous system,Chile,Male,2009,2.291928873,2.589314349,219,15860,29,0.044,62.32,9.654
Brain and central nervous system,Chile,Male,2010,2.266192173,2.539972674,217,17643,30,0.038,62.62,9.24
Brain and central nervous system,Chile,Male,2011,2.371123949,2.735138463,236,18582,32,0.039,63.21,9.456
Brain and central nervous system,Chile,Male,2012,2.119922732,2.502222013,218,16176,34,0.042,63.46,9.815
Brain and central nervous system,Chile,Male,2013,2.413995864,2.967124432,261,17454,36,0.038,62.28,9.763
Brain and central nervous system,Chile,Male,2014,2.320682944,2.712416237,241,16394,25,0.042,61.6,9.611
Brain and central nervous system,Chile,Male,2015,2.289089335,2.81848144,253,16984,24,0.042,60.98,10.09
Brain and central nervous system,Chile,Male,2016,2.369360259,2.916674784,265,17639,24,0.033,61.75,10.35
Brain and central nervous system,Chile,Male,2017,2.163220951,2.740766299,253,17924,24,0.045,62.9,9.816
Brain and central nervous system,Chile,Male,2018,2.182582398,2.777296126,261,17962,25,0.041,62.12,9.798
Brain and central nervous system,Chile,Male,2019,2.602559105,3.267303948,312,18629,25,0.036,59.98,10.2
Brain and central nervous system,Chile,Male,2020,2.032630407,2.719749957,262,17160,24,0.038,60.8,10.16
Brain and central nervous system,Chile,Male,2021,2.400786542,3.246361516,314,18934,25,0.032,61.39,9.977
Thyroid,Chile,Male,2000,0.3447480238,0.3370629129,26,12526,29,0.044,64.04,9.191
Thyroid,Chile,Male,2001,0.3160163414,0.2691477992,21,12482,27,0.045,64.58,9.535
Thyroid,Chile,Male,2002,0.3960101288,0.4056890794,32,12498,27,0.049,64.56,9.272
Thyroid,Chile,Male,2003,0.3867633721,0.4140608282,33,13283,27,0.04,62.95,9.873
Thyroid,Chile,Male,2004,0.2965616761,0.3229746662,26,14037,28,0.041,63.95,9.827
Thyroid,Chile,Male,2005,0.2714177906,0.282906274,23,14076,28,0.046,63.47,9.486
Thyroid,Chile,Male,2006,0.2800165493,0.3045367633,25,14269,28,0.047,63.53,9.948
Thyroid,Chile,Male,2007,0.4083665123,0.4825289827,40,16370,29,0.035,63.05,8.968
Thyroid,Chile,Male,2008,0.231335804,0.2627557621,22,16710,30,0.042,62.75,9.767
Thyroid,Chile,Male,2009,0.2565851419,0.3428772426,29,15860,29,0.044,62.32,9.654
Thyroid,Chile,Male,2010,0.3526856289,0.4681977279,40,17643,30,0.038,62.62,9.24
Thyroid,Chile,Male,2011,0.2667204913,0.3476870927,30,18582,32,0.039,63.21,9.456
Thyroid,Chile,Male,2012,0.2456045659,0.3558205615,31,16176,34,0.042,63.46,9.815
Thyroid,Chile,Male,2013,0.3450039187,0.4661000065,41,17454,36,0.038,62.28,9.763
Thyroid,Chile,Male,2014,0.2912633506,0.3939193706,35,16394,25,0.042,61.6,9.611
Thyroid,Chile,Male,2015,0.3179188098,0.4456097138,40,16984,24,0.042,60.98,10.09
Thyroid,Chile,Male,2016,0.290026766,0.4402527976,40,17639,24,0.033,61.75,10.35
Thyroid,Chile,Male,2017,0.3221711122,0.519987282,48,17924,24,0.045,62.9,9.816
Thyroid,Chile,Male,2018,0.3091287436,0.5001261222,47,17962,25,0.041,62.12,9.798
Thyroid,Chile,Male,2019,0.3943331873,0.6073834262,58,18629,25,0.036,59.98,10.2
Thyroid,Chile,Male,2020,0.2906713303,0.4567519012,44,17160,24,0.038,60.8,10.16
Thyroid,Chile,Male,2021,0.3084380326,0.4859203543,47,18934,25,0.032,61.39,9.977
Hodgkin lymphoma,Chile,Male,2000,0.3257262702,0.350026871,27,12526,29,0.044,64.04,9.191
Hodgkin lymphoma,Chile,Male,2001,0.3385561685,0.3332306086,26,12482,27,0.045,64.58,9.535
Hodgkin lymphoma,Chile,Male,2002,0.409065096,0.4183668631,33,12498,27,0.049,64.56,9.272
Hodgkin lymphoma,Chile,Male,2003,0.290067567,0.3011351478,24,13283,27,0.04,62.95,9.873
Hodgkin lymphoma,Chile,Male,2004,0.3743716061,0.385085179,31,14037,28,0.041,63.95,9.827
Hodgkin lymphoma,Chile,Male,2005,0.2299308441,0.2214049101,18,14076,28,0.046,63.47,9.486
Hodgkin lymphoma,Chile,Male,2006,0.3380618662,0.3898070571,32,14269,28,0.047,63.53,9.948
Hodgkin lymphoma,Chile,Male,2007,0.2395514154,0.2533277159,21,16370,29,0.035,63.05,8.968
Hodgkin lymphoma,Chile,Male,2008,0.1997367883,0.2388688747,20,16710,30,0.042,62.75,9.767
Hodgkin lymphoma,Chile,Male,2009,0.221740484,0.2601137702,22,15860,29,0.044,62.32,9.654
Hodgkin lymphoma,Chile,Male,2010,0.3436827691,0.3979680687,34,17643,30,0.038,62.62,9.24
Hodgkin lymphoma,Chile,Male,2011,0.2007105855,0.2433809649,21,18582,32,0.039,63.21,9.456
Hodgkin lymphoma,Chile,Male,2012,0.2540158189,0.3213863136,28,16176,34,0.042,63.46,9.815
Hodgkin lymphoma,Chile,Male,2013,0.2736099292,0.3751536638,33,17454,36,0.038,62.28,9.763
Hodgkin lymphoma,Chile,Male,2014,0.3424520917,0.427683888,38,16394,25,0.042,61.6,9.611
Hodgkin lymphoma,Chile,Male,2015,0.3652260887,0.4678901995,42,16984,24,0.042,60.98,10.09
Hodgkin lymphoma,Chile,Male,2016,0.4476445437,0.5833349568,53,17639,24,0.033,61.75,10.35
Hodgkin lymphoma,Chile,Male,2017,0.2849881571,0.4008235299,37,17924,24,0.045,62.9,9.816
Hodgkin lymphoma,Chile,Male,2018,0.2517193555,0.3192294397,30,17962,25,0.041,62.12,9.798
Hodgkin lymphoma,Chile,Male,2019,0.2149877617,0.3351080972,32,18629,25,0.036,59.98,10.2
Hodgkin lymphoma,Chile,Male,2020,0.1864419948,0.2802795758,27,17160,24,0.038,60.8,10.16
Hodgkin lymphoma,Chile,Male,2021,0.2406828845,0.372194314,36,18934,25,0.032,61.39,9.977
Non-Hodgkin lymphoma,Chile,Male,2000,3.261201961,3.124313923,241,12526,29,0.044,64.04,9.191
Non-Hodgkin lymphoma,Chile,Male,2001,3.132919324,3.114424534,243,12482,27,0.045,64.58,9.535
Non-Hodgkin lymphoma,Chile,Male,2002,3.339737541,3.346934905,264,12498,27,0.049,64.56,9.272
Non-Hodgkin lymphoma,Chile,Male,2003,3.088400696,3.274844732,261,13283,27,0.04,62.95,9.873
Non-Hodgkin lymphoma,Chile,Male,2004,3.241595607,3.428500303,276,14037,28,0.041,63.95,9.827
Non-Hodgkin lymphoma,Chile,Male,2005,3.264620357,3.665481289,298,14076,28,0.046,63.47,9.486
Non-Hodgkin lymphoma,Chile,Male,2006,2.929425719,3.447356161,283,14269,28,0.047,63.53,9.948
Non-Hodgkin lymphoma,Chile,Male,2007,3.122779868,3.655157044,303,16370,29,0.035,63.05,8.968
Non-Hodgkin lymphoma,Chile,Male,2008,2.97493182,3.535259345,296,16710,30,0.042,62.75,9.767
Non-Hodgkin lymphoma,Chile,Male,2009,3.175961181,3.972646672,336,15860,29,0.044,62.32,9.654
Non-Hodgkin lymphoma,Chile,Male,2010,3.170622637,3.921155971,335,17643,30,0.038,62.62,9.24
Non-Hodgkin lymphoma,Chile,Male,2011,3.100976595,3.963632857,342,18582,32,0.039,63.21,9.456
Non-Hodgkin lymphoma,Chile,Male,2012,2.789535139,3.569683698,311,16176,34,0.042,63.46,9.815
Non-Hodgkin lymphoma,Chile,Male,2013,2.724709104,3.660590295,322,17454,36,0.038,62.28,9.763
Non-Hodgkin lymphoma,Chile,Male,2014,2.914434634,3.927938866,349,16394,25,0.042,61.6,9.611
Non-Hodgkin lymphoma,Chile,Male,2015,2.738403487,3.798822811,341,16984,24,0.042,60.98,10.09
Non-Hodgkin lymphoma,Chile,Male,2016,2.678644363,3.797180379,345,17639,24,0.033,61.75,10.35
Non-Hodgkin lymphoma,Chile,Male,2017,2.61380797,3.878238478,358,17924,24,0.045,62.9,9.816
Non-Hodgkin lymphoma,Chile,Male,2018,2.443602749,3.61793365,340,17962,25,0.041,62.12,9.798
Non-Hodgkin lymphoma,Chile,Male,2019,2.509193528,3.769966094,360,18629,25,0.036,59.98,10.2
Non-Hodgkin lymphoma,Chile,Male,2020,2.69678387,4.162670736,401,17160,24,0.038,60.8,10.16
Non-Hodgkin lymphoma,Chile,Male,2021,2.343044211,3.701265678,358,18934,25,0.032,61.39,9.977
Multiple myeloma,Chile,Male,2000,2.373132971,2.177944975,168,12526,29,0.044,64.04,9.191
Multiple myeloma,Chile,Male,2001,1.906586805,1.807135224,141,12482,27,0.045,64.58,9.535
Multiple myeloma,Chile,Male,2002,2.103951254,2.053800964,162,12498,27,0.049,64.56,9.272
Multiple myeloma,Chile,Male,2003,2.27712034,2.383986586,190,13283,27,0.04,62.95,9.873
Multiple myeloma,Chile,Male,2004,2.246306936,2.447154202,197,14037,28,0.041,63.95,9.827
Multiple myeloma,Chile,Male,2005,2.211366228,2.361652374,192,14076,28,0.046,63.47,9.486
Multiple myeloma,Chile,Male,2006,2.347651968,2.631197635,216,14269,28,0.047,63.53,9.948
Multiple myeloma,Chile,Male,2007,1.918968849,2.328202341,193,16370,29,0.035,63.05,8.968
Multiple myeloma,Chile,Male,2008,2.09379488,2.424519078,203,16710,30,0.042,62.75,9.767
Multiple myeloma,Chile,Male,2009,1.923033175,2.411964051,204,15860,29,0.044,62.32,9.654
Multiple myeloma,Chile,Male,2010,1.842771807,2.247349094,192,17643,30,0.038,62.62,9.24
Multiple myeloma,Chile,Male,2011,1.836617446,2.456988789,212,18582,32,0.039,63.21,9.456
Multiple myeloma,Chile,Male,2012,1.936752998,2.628480922,229,16176,34,0.042,63.46,9.815
Multiple myeloma,Chile,Male,2013,1.938407138,2.614707354,230,17454,36,0.038,62.28,9.763
Multiple myeloma,Chile,Male,2014,2.13111528,3.027551734,269,16394,25,0.042,61.6,9.611
Multiple myeloma,Chile,Male,2015,2.064176697,2.963304597,266,16984,24,0.042,60.98,10.09
Multiple myeloma,Chile,Male,2016,1.934401354,2.927681104,266,17639,24,0.033,61.75,10.35
Multiple myeloma,Chile,Male,2017,2.115691312,3.184922102,294,17924,24,0.045,62.9,9.816
Multiple myeloma,Chile,Male,2018,1.955441374,2.915628883,274,17962,25,0.041,62.12,9.798
Multiple myeloma,Chile,Male,2019,1.789271653,2.911251595,278,18629,25,0.036,59.98,10.2
Multiple myeloma,Chile,Male,2020,1.786436639,2.906603008,280,17160,24,0.038,60.8,10.16
Multiple myeloma,Chile,Male,2021,1.710269732,2.874167202,278,18934,25,0.032,61.39,9.977
Leukaemia,Chile,Male,2000,3.523811315,3.487304752,269,12526,29,0.044,64.04,9.191
Leukaemia,Chile,Male,2001,3.895377367,3.870601684,302,12482,27,0.045,64.58,9.535
Leukaemia,Chile,Male,2002,3.934255345,3.955468524,312,12498,27,0.049,64.56,9.272
Leukaemia,Chile,Male,2003,3.984221817,4.077871793,325,13283,27,0.04,62.95,9.873
Leukaemia,Chile,Male,2004,3.589498985,3.726630764,300,14037,28,0.041,63.95,9.827
Leukaemia,Chile,Male,2005,3.302153133,3.603979925,293,14076,28,0.046,63.47,9.486
Leukaemia,Chile,Male,2006,3.677808388,3.910252041,321,14269,28,0.047,63.53,9.948
Leukaemia,Chile,Male,2007,3.497899296,3.908484759,324,16370,29,0.035,63.05,8.968
Leukaemia,Chile,Male,2008,3.145730044,3.58303312,300,16710,30,0.042,62.75,9.767
Leukaemia,Chile,Male,2009,3.452885446,3.960823319,335,15860,29,0.044,62.32,9.654
Leukaemia,Chile,Male,2010,3.332134423,3.932860914,336,17643,30,0.038,62.62,9.24
Leukaemia,Chile,Male,2011,3.330727271,3.963632857,342,18582,32,0.039,63.21,9.456
Leukaemia,Chile,Male,2012,3.59542552,4.361671399,380,16176,34,0.042,63.46,9.815
Leukaemia,Chile,Male,2013,3.704122266,4.581422015,403,17454,36,0.038,62.28,9.763
Leukaemia,Chile,Male,2014,3.567486057,4.479425985,398,16394,25,0.042,61.6,9.611
Leukaemia,Chile,Male,2015,3.227061517,4.144170339,372,16984,24,0.042,60.98,10.09
Leukaemia,Chile,Male,2016,3.730059703,4.886806053,444,17639,24,0.033,61.75,10.35
Leukaemia,Chile,Male,2017,3.365886952,4.669052469,431,17924,24,0.045,62.9,9.816
Leukaemia,Chile,Male,2018,3.067876938,4.149982716,390,17962,25,0.041,62.12,9.798
Leukaemia,Chile,Male,2019,3.342570955,4.660096977,445,18629,25,0.036,59.98,10.2
Leukaemia,Chile,Male,2020,2.998248481,4.048482761,390,17160,24,0.038,60.8,10.16
Leukaemia,Chile,Male,2021,2.838402252,3.928717759,380,18934,25,0.032,61.39,9.977
Stomach,Chile,Male,2000,27.89115699,26.05755596,2010,12526,29,0.044,64.04,9.191
Stomach,Chile,Male,2001,26.35278522,25.18454407,1965,12482,27,0.045,64.58,9.535
Stomach,Chile,Male,2002,26.17447004,26.44585686,2086,12498,27,0.049,64.56,9.272
Stomach,Chile,Male,2003,24.77884449,25.84743352,2060,13283,27,0.04,62.95,9.873
Stomach,Chile,Male,2004,23.48811204,25.17960186,2027,14037,28,0.041,63.95,9.827
Stomach,Chile,Male,2005,22.41393329,25.14175757,2044,14076,28,0.046,63.47,9.486
Stomach,Chile,Male,2006,22.72943039,26.03180253,2137,14269,28,0.047,63.53,9.948
Stomach,Chile,Male,2007,20.03078396,23.48709823,1947,16370,29,0.035,63.05,8.968
Stomach,Chile,Male,2008,19.22022497,23.37331939,1957,16710,30,0.042,62.75,9.767
Stomach,Chile,Male,2009,21.31038242,26.42519438,2235,15860,29,0.044,62.32,9.654
Stomach,Chile,Male,2010,20.38074344,26.32441725,2249,17643,30,0.038,62.62,9.24
Stomach,Chile,Male,2011,18.776316,24.8712167,2146,18582,32,0.039,63.21,9.456
Stomach,Chile,Male,2012,18.46811748,25.03369822,2181,16176,34,0.042,63.46,9.815
Stomach,Chile,Male,2013,17.4838495,24.23720034,2132,17454,36,0.038,62.28,9.763
Stomach,Chile,Male,2014,17.22893635,24.58056872,2184,16394,25,0.042,61.6,9.611
Stomach,Chile,Male,2015,17.1029197,25.03212568,2247,16984,24,0.042,60.98,10.09
Stomach,Chile,Male,2016,15.78147702,23.69660683,2153,17639,24,0.033,61.75,10.35
Stomach,Chile,Male,2017,15.3970141,23.73525281,2191,17924,24,0.045,62.9,9.816
Stomach,Chile,Male,2018,14.78201519,22.91003279,2153,17962,25,0.041,62.12,9.798
Stomach,Chile,Male,2019,13.54031937,21.53069525,2056,18629,25,0.036,59.98,10.2
Stomach,Chile,Male,2020,13.65424493,22.13170576,2132,17160,24,0.038,60.8,10.16
Stomach,Chile,Male,2021,12.34660962,20.45000981,1978,18934,25,0.032,61.39,9.977
Colon,Chile,Male,2000,4.722271889,4.342925993,335,12526,29,0.044,64.04,9.191
Colon,Chile,Male,2001,5.171382051,5.062541938,395,12482,27,0.045,64.58,9.535
Colon,Chile,Male,2002,4.531676193,4.551324359,359,12498,27,0.049,64.56,9.272
Colon,Chile,Male,2003,5.208798199,5.294959681,422,13283,27,0.04,62.95,9.873
Colon,Chile,Male,2004,4.786187392,5.21728307,420,14037,28,0.041,63.95,9.827
Colon,Chile,Male,2005,5.175125154,5.781128208,470,14076,28,0.046,63.47,9.486
Colon,Chile,Male,2006,4.909164502,5.798379974,476,14269,28,0.047,63.53,9.948
Colon,Chile,Male,2007,4.746270078,5.923043262,491,16370,29,0.035,63.05,8.968
Colon,Chile,Male,2008,4.963731365,6.198647298,519,16710,30,0.042,62.75,9.767
Colon,Chile,Male,2009,5.038224523,6.538314315,553,15860,29,0.044,62.32,9.654
Colon,Chile,Male,2010,5.841822015,7.701852623,658,17643,30,0.038,62.62,9.24
Colon,Chile,Male,2011,5.389158012,7.266660238,627,18582,32,0.039,63.21,9.456
Colon,Chile,Male,2012,5.907376821,8.241263328,718,16176,34,0.042,63.46,9.815
Colon,Chile,Male,2013,6.140489656,8.583061096,755,17454,36,0.038,62.28,9.763
Colon,Chile,Male,2014,6.199306931,9.060145523,805,16394,25,0.042,61.6,9.611
Colon,Chile,Male,2015,6.607792495,9.569468605,859,16984,24,0.042,60.98,10.09
Colon,Chile,Male,2016,6.18788983,9.421409868,856,17639,24,0.033,61.75,10.35
Colon,Chile,Male,2017,6.219545573,9.760594605,901,17924,24,0.045,62.9,9.816
Colon,Chile,Male,2018,6.644246988,10.43880268,981,17962,25,0.041,62.12,9.798
Colon,Chile,Male,2019,6.901452934,11.16328849,1066,18629,25,0.036,59.98,10.2
Colon,Chile,Male,2020,6.912480074,11.40841681,1099,17160,24,0.038,60.8,10.16
Colon,Chile,Male,2021,7.712725152,12.90273622,1248,18934,25,0.032,61.39,9.977
Rectum and anus,Chile,Male,2000,2.355320017,2.087197268,161,12526,29,0.044,64.04,9.191
Rectum and anus,Chile,Male,2001,2.472322389,2.383880508,186,12482,27,0.045,64.58,9.535
Rectum and anus,Chile,Male,2002,2.47791387,2.510201179,198,12498,27,0.049,64.56,9.272
Rectum and anus,Chile,Male,2003,2.530213488,2.609837947,208,13283,27,0.04,62.95,9.873
Rectum and anus,Chile,Male,2004,2.552770782,2.708018355,218,14037,28,0.041,63.95,9.827
Rectum and anus,Chile,Male,2005,2.567687314,2.841363013,231,14076,28,0.046,63.47,9.486
Rectum and anus,Chile,Male,2006,2.541103686,2.899189987,238,14269,28,0.047,63.53,9.948
Rectum and anus,Chile,Male,2007,2.556690174,3.027869366,251,16370,29,0.035,63.05,8.968
Rectum and anus,Chile,Male,2008,2.802792562,3.320277358,278,16710,30,0.042,62.75,9.767
Rectum and anus,Chile,Male,2009,2.667076126,3.263245481,276,15860,29,0.044,62.32,9.654
Rectum and anus,Chile,Male,2010,2.576965112,3.277384095,280,17643,30,0.038,62.62,9.24
Rectum and anus,Chile,Male,2011,2.839118546,3.708662323,320,18582,32,0.039,63.21,9.456
Rectum and anus,Chile,Male,2012,2.544673071,3.386034376,295,16176,34,0.042,63.46,9.815
Rectum and anus,Chile,Male,2013,2.70281861,3.751536638,330,17454,36,0.038,62.28,9.763
Rectum and anus,Chile,Male,2014,3.183938125,4.501935664,400,16394,25,0.042,61.6,9.611
Rectum and anus,Chile,Male,2015,2.967926859,4.389255681,394,16984,24,0.042,60.98,10.09
Rectum and anus,Chile,Male,2016,3.092971332,4.534603815,412,17639,24,0.033,61.75,10.35
Rectum and anus,Chile,Male,2017,2.884783565,4.344060418,401,17924,24,0.045,62.9,9.816
Rectum and anus,Chile,Male,2018,3.156675628,4.831005521,454,17962,25,0.041,62.12,9.798
Rectum and anus,Chile,Male,2019,3.058826468,4.649624849,444,18629,25,0.036,59.98,10.2
Rectum and anus,Chile,Male,2020,3.460555743,5.481022815,528,17160,24,0.038,60.8,10.16
Rectum and anus,Chile,Male,2021,3.741858959,6.079173795,588,18934,25,0.032,61.39,9.977
Liver,Chile,Male,2000,4.811696886,4.57627724,353,12526,29,0.044,64.04,9.191
Liver,Chile,Male,2001,4.180873263,4.11411636,321,12482,27,0.045,64.58,9.535
Liver,Chile,Male,2002,4.755740001,4.842913385,382,12498,27,0.049,64.56,9.272
Liver,Chile,Male,2003,5.313667171,5.545905638,442,13283,27,0.04,62.95,9.873
Liver,Chile,Male,2004,4.597056167,4.943996814,398,14037,28,0.041,63.95,9.827
Liver,Chile,Male,2005,5.091262013,5.559723298,452,14076,28,0.046,63.47,9.486
Liver,Chile,Male,2006,5.19496608,5.871468797,482,14269,28,0.047,63.53,9.948
Liver,Chile,Male,2007,4.679553631,5.464640729,453,16370,29,0.035,63.05,8.968
Liver,Chile,Male,2008,4.888804411,5.828400542,488,16710,30,0.042,62.75,9.767
Liver,Chile,Male,2009,5.02197331,6.124496953,518,15860,29,0.044,62.32,9.654
Liver,Chile,Male,2010,4.949011695,6.215324837,531,17643,30,0.038,62.62,9.24
Liver,Chile,Male,2011,5.04620026,6.513338204,562,18582,32,0.039,63.21,9.456
Liver,Chile,Male,2012,5.544318194,7.311538635,637,16176,34,0.042,63.46,9.815
Liver,Chile,Male,2013,4.903707674,6.673187898,587,17454,36,0.038,62.28,9.763
Liver,Chile,Male,2014,5.134446076,7.146822866,635,16394,25,0.042,61.6,9.611
Liver,Chile,Male,2015,5.290831198,7.686767564,690,16984,24,0.042,60.98,10.09
Liver,Chile,Male,2016,5.213813681,7.616373398,692,17639,24,0.033,61.75,10.35
Liver,Chile,Male,2017,4.746399661,7.030661375,649,17924,24,0.045,62.9,9.816
Liver,Chile,Male,2018,5.152072733,7.991376974,751,17962,25,0.041,62.12,9.798
Liver,Chile,Male,2019,5.368752751,8.430063071,805,18629,25,0.036,59.98,10.2
Liver,Chile,Male,2020,5.138868922,8.242295672,794,17160,24,0.038,60.8,10.16
Liver,Chile,Male,2021,5.291462217,8.87063115,858,18934,25,0.032,61.39,9.977
Gallbladder etc.,Chile,Male,2000,6.634344115,6.209735971,479,12526,29,0.044,64.04,9.191
Gallbladder etc.,Chile,Male,2001,6.058456333,5.921251583,462,12482,27,0.045,64.58,9.535
Gallbladder etc.,Chile,Male,2002,6.051637071,6.04730284,477,12498,27,0.049,64.56,9.272
Gallbladder etc.,Chile,Male,2003,6.204256017,6.424216486,512,13283,27,0.04,62.95,9.873
Gallbladder etc.,Chile,Male,2004,5.885425814,6.298005992,507,14037,28,0.041,63.95,9.827
Gallbladder etc.,Chile,Male,2005,5.743908909,6.297739665,512,14076,28,0.046,63.47,9.486
Gallbladder etc.,Chile,Male,2006,5.079763533,5.749654092,472,14269,28,0.047,63.53,9.948
Gallbladder etc.,Chile,Male,2007,5.069927554,5.97129616,495,16370,29,0.035,63.05,8.968
Gallbladder etc.,Chile,Male,2008,4.719415405,5.673135773,475,16710,30,0.042,62.75,9.767
Gallbladder etc.,Chile,Male,2009,4.899185109,6.077203541,514,15860,29,0.044,62.32,9.654
Gallbladder etc.,Chile,Male,2010,4.595543259,5.899291371,504,17643,30,0.038,62.62,9.24
Gallbladder etc.,Chile,Male,2011,4.771535895,6.327905088,546,18582,32,0.039,63.21,9.456
Gallbladder etc.,Chile,Male,2012,4.774949713,6.37033586,555,16176,34,0.042,63.46,9.815
Gallbladder etc.,Chile,Male,2013,4.283916001,5.911512278,520,17454,36,0.038,62.28,9.763
Gallbladder etc.,Chile,Male,2014,4.157939711,5.920045398,526,16394,25,0.042,61.6,9.611
Gallbladder etc.,Chile,Male,2015,4.003562993,5.837487251,524,16984,24,0.042,60.98,10.09
Gallbladder etc.,Chile,Male,2016,3.779169869,5.734292688,521,17639,24,0.033,61.75,10.35
Gallbladder etc.,Chile,Male,2017,3.362648338,5.254038162,485,17924,24,0.045,62.9,9.816
Gallbladder etc.,Chile,Male,2018,3.766549795,5.980231504,562,17962,25,0.041,62.12,9.798
Gallbladder etc.,Chile,Male,2019,3.0904744,4.880011666,466,18629,25,0.036,59.98,10.2
Gallbladder etc.,Chile,Male,2020,3.03586165,4.982748014,480,17160,24,0.038,60.8,10.16
Gallbladder etc.,Chile,Male,2021,3.027759296,5.096994355,493,18934,25,0.032,61.39,9.977
Pancreas,Chile,Male,2000,4.508649363,4.161430578,321,12526,29,0.044,64.04,9.191
Pancreas,Chile,Male,2001,4.28714036,4.088483236,319,12482,27,0.045,64.58,9.535
Pancreas,Chile,Male,2002,4.650692955,4.804880034,379,12498,27,0.049,64.56,9.272
Pancreas,Chile,Male,2003,4.948779653,5.069108321,404,13283,27,0.04,62.95,9.873
Pancreas,Chile,Male,2004,4.532064578,4.832197891,389,14037,28,0.041,63.95,9.827
Pancreas,Chile,Male,2005,4.468224801,4.834007204,393,14076,28,0.046,63.47,9.486
Pancreas,Chile,Male,2006,4.329306237,4.957858507,407,14269,28,0.047,63.53,9.948
Pancreas,Chile,Male,2007,4.279033602,5.01830142,416,16370,29,0.035,63.05,8.968
Pancreas,Chile,Male,2008,4.426222851,5.386493124,451,16710,30,0.042,62.75,9.767
Pancreas,Chile,Male,2009,4.795139976,5.805266417,491,15860,29,0.044,62.32,9.654
Pancreas,Chile,Male,2010,4.658128622,5.840766655,499,17643,30,0.038,62.62,9.24
Pancreas,Chile,Male,2011,4.390637587,5.702068321,492,18582,32,0.039,63.21,9.456
Pancreas,Chile,Male,2012,4.519805869,6.037471463,526,16176,34,0.042,63.46,9.815
Pancreas,Chile,Male,2013,4.83328426,6.55950497,577,17454,36,0.038,62.28,9.763
Pancreas,Chile,Male,2014,5.089426828,7.079293831,629,16394,25,0.042,61.6,9.611
Pancreas,Chile,Male,2015,5.005631284,7.129755422,640,16984,24,0.042,60.98,10.09
Pancreas,Chile,Male,2016,4.97433326,7.2861838,662,17639,24,0.033,61.75,10.35
Pancreas,Chile,Male,2017,4.660066109,7.030661375,649,17924,24,0.045,62.9,9.816
Pancreas,Chile,Male,2018,4.922902455,7.459327908,701,17962,25,0.041,62.12,9.798
Pancreas,Chile,Male,2019,4.595440077,7.183879834,686,18629,25,0.036,59.98,10.2
Pancreas,Chile,Male,2020,4.747310004,7.47412202,720,17160,24,0.038,60.8,10.16
Pancreas,Chile,Male,2021,4.59288355,7.495579934,725,18934,25,0.032,61.39,9.977
"Lip,  oral cavity and pharynx ",Chile,Female,2000,0.4598506206,0.5776680094,45,12526,29,0.044,64.04,9.191
"Lip,  oral cavity and pharynx ",Chile,Female,2001,0.4584417012,0.6090254141,48,12482,27,0.045,64.58,9.535
"Lip,  oral cavity and pharynx ",Chile,Female,2002,0.4715467645,0.6775312993,54,12498,27,0.049,64.56,9.272
"Lip,  oral cavity and pharynx ",Chile,Female,2003,0.5676773559,0.757302256,61,13283,27,0.04,62.95,9.873
"Lip,  oral cavity and pharynx ",Chile,Female,2004,0.5029394234,0.7373584955,60,14037,28,0.041,63.95,9.827
"Lip,  oral cavity and pharynx ",Chile,Female,2005,0.4271281471,0.6326898816,52,14076,28,0.046,63.47,9.486
"Lip,  oral cavity and pharynx ",Chile,Female,2006,0.4775022582,0.7349393163,61,14269,28,0.047,63.53,9.948
"Lip,  oral cavity and pharynx ",Chile,Female,2007,0.4465594918,0.6800348798,57,16370,29,0.035,63.05,8.968
"Lip,  oral cavity and pharynx ",Chile,Female,2008,0.4571108812,0.6968893399,59,16710,30,0.042,62.75,9.767
"Lip,  oral cavity and pharynx ",Chile,Female,2009,0.4831816142,0.7834522719,67,15860,29,0.044,62.32,9.654
"Lip,  oral cavity and pharynx ",Chile,Female,2010,0.436028084,0.6714466724,58,17643,30,0.038,62.62,9.24
"Lip,  oral cavity and pharynx ",Chile,Female,2011,0.5599689022,0.9514674236,83,18582,32,0.039,63.21,9.456
"Lip,  oral cavity and pharynx ",Chile,Female,2012,0.5663118324,1.021930341,90,16176,34,0.042,63.46,9.815
"Lip,  oral cavity and pharynx ",Chile,Female,2013,0.5214745338,0.8885778491,79,17454,36,0.038,62.28,9.763
"Lip,  oral cavity and pharynx ",Chile,Female,2014,0.4100412419,0.7684487848,69,16394,25,0.042,61.6,9.611
"Lip,  oral cavity and pharynx ",Chile,Female,2015,0.5332890027,0.9921553036,90,16984,24,0.042,60.98,10.09
"Lip,  oral cavity and pharynx ",Chile,Female,2016,0.623912081,1.100034226,101,17639,24,0.033,61.75,10.35
"Lip,  oral cavity and pharynx ",Chile,Female,2017,0.533929508,1.050614703,98,17924,24,0.045,62.9,9.816
"Lip,  oral cavity and pharynx ",Chile,Female,2018,0.4876043262,0.9583424845,91,17962,25,0.041,62.12,9.798
"Lip,  oral cavity and pharynx ",Chile,Female,2019,0.4700657814,0.9431433299,91,18629,25,0.036,59.98,10.2
"Lip,  oral cavity and pharynx ",Chile,Female,2020,0.5107006862,0.965351531,94,17160,24,0.038,60.8,10.16
"Lip,  oral cavity and pharynx ",Chile,Female,2021,0.5302056076,1.165171551,114,18934,25,0.032,61.39,9.977
Larynx,Chile,Female,2000,0.1896276097,0.2310672038,18,12526,29,0.044,64.04,9.191
Larynx,Chile,Female,2001,0.1747323793,0.2410725597,19,12482,27,0.045,64.58,9.535
Larynx,Chile,Female,2002,0.1469528089,0.2007500146,16,12498,27,0.049,64.56,9.272
Larynx,Chile,Female,2003,0.1898811842,0.2234662395,18,13283,27,0.04,62.95,9.873
Larynx,Chile,Female,2004,0.104638765,0.1474716991,12,14037,28,0.041,63.95,9.827
Larynx,Chile,Female,2005,0.1189502875,0.1825066966,15,14076,28,0.046,63.47,9.486
Larynx,Chile,Female,2006,0.1633499074,0.2289155247,19,14269,28,0.047,63.53,9.948
Larynx,Chile,Female,2007,0.1873041972,0.2624696027,22,16370,29,0.035,63.05,8.968
Larynx,Chile,Female,2008,0.1327645949,0.2244219908,19,16710,30,0.042,62.75,9.767
Larynx,Chile,Female,2009,0.1252423848,0.1987863974,17,15860,29,0.044,62.32,9.654
Larynx,Chile,Female,2010,0.1843028678,0.2546866688,22,17643,30,0.038,62.62,9.24
Larynx,Chile,Female,2011,0.1400204747,0.2178057958,19,18582,32,0.039,63.21,9.456
Larynx,Chile,Female,2012,0.1493379391,0.2725147577,24,16176,34,0.042,63.46,9.815
Larynx,Chile,Female,2013,0.1318714033,0.2024607758,18,17454,36,0.038,62.28,9.763
Larynx,Chile,Female,2014,0.1644663883,0.3006973506,27,16394,25,0.042,61.6,9.611
Larynx,Chile,Female,2015,0.09790936042,0.1984310607,18,16984,24,0.042,60.98,10.09
Larynx,Chile,Female,2016,0.1077181329,0.1960457037,18,17639,24,0.033,61.75,10.35
Larynx,Chile,Female,2017,0.05827402629,0.1179261402,11,17924,24,0.045,62.9,9.816
Larynx,Chile,Female,2018,0.1178507444,0.2527496663,24,17962,25,0.041,62.12,9.798
Larynx,Chile,Female,2019,0.1352218153,0.2280126732,22,18629,25,0.036,59.98,10.2
Larynx,Chile,Female,2020,0.08390084747,0.1643151542,16,17160,24,0.038,60.8,10.16
Larynx,Chile,Female,2021,0.05818787249,0.1226496369,12,18934,25,0.032,61.39,9.977
Colorectum,Chile,Female,2000,6.964612294,8.973109747,699,12526,29,0.044,64.04,9.191
Colorectum,Chile,Female,2001,6.458532466,8.513667767,671,12482,27,0.045,64.58,9.535
Colorectum,Chile,Female,2002,6.27925105,8.544422496,681,12498,27,0.049,64.56,9.272
Colorectum,Chile,Female,2003,6.495080245,9.075212281,731,13283,27,0.04,62.95,9.873
Colorectum,Chile,Female,2004,6.69017665,9.696264216,789,14037,28,0.041,63.95,9.827
Colorectum,Chile,Female,2005,6.550597183,9.685022034,796,14076,28,0.046,63.47,9.486
Colorectum,Chile,Female,2006,6.77009327,10.15662039,843,14269,28,0.047,63.53,9.948
Colorectum,Chile,Female,2007,6.465294843,9.878401412,828,16370,29,0.035,63.05,8.968
Colorectum,Chile,Female,2008,6.613185749,10.46515178,886,16710,30,0.042,62.75,9.767
Colorectum,Chile,Female,2009,7.087074471,11.42437119,977,15860,29,0.044,62.32,9.654
Colorectum,Chile,Female,2010,6.664572863,11.09044676,958,17643,30,0.038,62.62,9.24
Colorectum,Chile,Female,2011,7.157855859,12.20858803,1065,18582,32,0.039,63.21,9.456
Colorectum,Chile,Female,2012,7.46279595,12.83090317,1130,16176,34,0.042,63.46,9.815
Colorectum,Chile,Female,2013,7.584032274,13.23868517,1177,17454,36,0.038,62.28,9.763
Colorectum,Chile,Female,2014,7.564566163,13.72070874,1232,16394,25,0.042,61.6,9.611
Colorectum,Chile,Female,2015,7.702079495,14.47444348,1313,16984,24,0.042,60.98,10.09
Colorectum,Chile,Female,2016,7.620498671,14.44203351,1326,17639,24,0.033,61.75,10.35
Colorectum,Chile,Female,2017,7.791739868,14.53707692,1356,17924,24,0.045,62.9,9.816
Colorectum,Chile,Female,2018,7.658114289,14.62788693,1389,17962,25,0.041,62.12,9.798
Colorectum,Chile,Female,2019,8.288753562,15.98161555,1542,18629,25,0.036,59.98,10.2
Colorectum,Chile,Female,2020,8.227067748,15.75371541,1534,17160,24,0.038,60.8,10.16
Colorectum,Chile,Female,2021,8.41948006,16.98697471,1662,18934,25,0.032,61.39,9.977
Lung,Chile,Female,2000,6.597516402,7.958981463,620,12526,29,0.044,64.04,9.191
Lung,Chile,Female,2001,7.046099582,8.539043826,673,12482,27,0.045,64.58,9.535
Lung,Chile,Female,2002,6.953130492,8.807906891,702,12498,27,0.049,64.56,9.272
Lung,Chile,Female,2003,6.778298935,8.764842503,706,13283,27,0.04,62.95,9.873
Lung,Chile,Female,2004,7.017813467,9.364452893,762,14037,28,0.041,63.95,9.827
Lung,Chile,Female,2005,7.417249626,9.964865636,819,14076,28,0.046,63.47,9.486
Lung,Chile,Female,2006,7.623061185,10.49396958,871,14269,28,0.047,63.53,9.948
Lung,Chile,Female,2007,7.593072571,10.76125371,902,16370,29,0.035,63.05,8.968
Lung,Chile,Female,2008,7.519550797,10.78406724,913,16710,30,0.042,62.75,9.767
Lung,Chile,Female,2009,7.598005908,11.07357166,947,15860,29,0.044,62.32,9.654
Lung,Chile,Female,2010,7.29765774,11.37986343,983,17643,30,0.038,62.62,9.24
Lung,Chile,Female,2011,8.060048518,12.12834378,1058,18582,32,0.039,63.21,9.456
Lung,Chile,Female,2012,8.393864158,13.26238487,1168,16176,34,0.042,63.46,9.815
Lung,Chile,Female,2013,8.433342573,13.77858057,1225,17454,36,0.038,62.28,9.763
Lung,Chile,Female,2014,8.204026934,13.66502404,1227,16394,25,0.042,61.6,9.611
Lung,Chile,Female,2015,8.143624,13.91222215,1262,16984,24,0.042,60.98,10.09
Lung,Chile,Female,2016,8.019494626,14.07172495,1292,17639,24,0.033,61.75,10.35
Lung,Chile,Female,2017,8.306823559,14.78364976,1379,17924,24,0.045,62.9,9.816
Lung,Chile,Female,2018,7.889194957,14.19610625,1348,17962,25,0.041,62.12,9.798
Lung,Chile,Female,2019,7.922345412,14.69645321,1418,18629,25,0.036,59.98,10.2
Lung,Chile,Female,2020,7.596922917,14.52135175,1414,17160,24,0.038,60.8,10.16
Lung,Chile,Female,2021,7.994060312,15.72981593,1539,18934,25,0.032,61.39,9.977
Melanoma of skin,Chile,Female,2000,0.7222743853,0.834409347,65,12526,29,0.044,64.04,9.191
Melanoma of skin,Chile,Female,2001,0.6482045112,0.8374099443,66,12482,27,0.045,64.58,9.535
Melanoma of skin,Chile,Female,2002,0.6063209269,0.715171927,57,12498,27,0.049,64.56,9.272
Melanoma of skin,Chile,Female,2003,0.7096725292,0.8690353757,70,13283,27,0.04,62.95,9.873
Melanoma of skin,Chile,Female,2004,0.713645968,0.9216981194,75,14037,28,0.041,63.95,9.827
Melanoma of skin,Chile,Female,2005,0.4746293541,0.669191221,55,14076,28,0.046,63.47,9.486
Melanoma of skin,Chile,Female,2006,0.6246882615,0.8554211714,71,14269,28,0.047,63.53,9.948
Melanoma of skin,Chile,Female,2007,0.6626016532,0.9425044826,79,16370,29,0.035,63.05,8.968
Melanoma of skin,Chile,Female,2008,0.5707888528,0.7913828098,67,16710,30,0.042,62.75,9.767
Melanoma of skin,Chile,Female,2009,0.5035998178,0.713292367,61,15860,29,0.044,62.32,9.654
Melanoma of skin,Chile,Female,2010,0.8326726338,1.238703344,107,17643,30,0.038,62.62,9.24
Melanoma of skin,Chile,Female,2011,0.6864279113,0.9973212753,87,18582,32,0.039,63.21,9.456
Melanoma of skin,Chile,Female,2012,0.5349537463,0.8516086177,75,16176,34,0.042,63.46,9.815
Melanoma of skin,Chile,Female,2013,0.4789513403,0.7648518195,68,17454,36,0.038,62.28,9.763
Melanoma of skin,Chile,Female,2014,0.6265604052,1.046872258,94,16394,25,0.042,61.6,9.611
Melanoma of skin,Chile,Female,2015,0.7434273176,1.102394782,100,16984,24,0.042,60.98,10.09
Melanoma of skin,Chile,Female,2016,0.6091679777,1.056468514,97,17639,24,0.033,61.75,10.35
Melanoma of skin,Chile,Female,2017,0.6240785213,1.07205582,100,17924,24,0.045,62.9,9.816
Melanoma of skin,Chile,Female,2018,0.7496673618,1.305873276,124,17962,25,0.041,62.12,9.798
Melanoma of skin,Chile,Female,2019,0.5824634032,1.067513879,103,18629,25,0.036,59.98,10.2
Melanoma of skin,Chile,Female,2020,0.6636248894,1.242633354,121,17160,24,0.038,60.8,10.16
Melanoma of skin,Chile,Female,2021,0.5508381434,1.042521914,102,18934,25,0.032,61.39,9.977
Breast,Chile,Female,2000,11.48431619,13.18366768,1027,12526,29,0.044,64.04,9.191
Breast,Chile,Female,2001,11.0078042,12.99254217,1024,12482,27,0.045,64.58,9.535
Breast,Chile,Female,2002,10.91897237,13.16167283,1049,12498,27,0.049,64.56,9.272
Breast,Chile,Female,2003,10.81659479,13.28382646,1070,13283,27,0.04,62.95,9.873
Breast,Chile,Female,2004,10.73446603,13.46908185,1096,14037,28,0.041,63.95,9.827
Breast,Chile,Female,2005,11.00062345,14.22335522,1169,14076,28,0.046,63.47,9.486
Breast,Chile,Female,2006,10.51304683,13.79517241,1145,14269,28,0.047,63.53,9.948
Breast,Chile,Female,2007,9.956774359,13.39788018,1123,16370,29,0.035,63.05,8.968
Breast,Chile,Female,2008,10.24966869,13.98503353,1184,16710,30,0.042,62.75,9.767
Breast,Chile,Female,2009,11.18144332,15.6456588,1338,15860,29,0.044,62.32,9.654
Breast,Chile,Female,2010,10.60568543,15.01493679,1297,17643,30,0.038,62.62,9.24
Breast,Chile,Female,2011,10.53958654,15.44128457,1347,18582,32,0.039,63.21,9.456
Breast,Chile,Female,2012,10.30471152,15.52198641,1367,16176,34,0.042,63.46,9.815
Breast,Chile,Female,2013,10.38765031,15.6232232,1389,17454,36,0.038,62.28,9.763
Breast,Chile,Female,2014,10.17315901,15.83672713,1422,16394,25,0.042,61.6,9.611
Breast,Chile,Female,2015,10.4981976,16.65718515,1511,16984,24,0.042,60.98,10.09
Breast,Chile,Female,2016,10.24042412,16.2282277,1490,17639,24,0.033,61.75,10.35
Breast,Chile,Female,2017,9.977518546,16.12371953,1504,17924,24,0.045,62.9,9.816
Breast,Chile,Female,2018,9.791373131,16.34447842,1552,17962,25,0.041,62.12,9.798
Breast,Chile,Female,2019,10.19963104,17.14240734,1654,18629,25,0.036,59.98,10.2
Breast,Chile,Female,2020,9.96078017,16.88338209,1644,17160,24,0.038,60.8,10.16
Breast,Chile,Female,2021,9.850059077,17.44691085,1707,18934,25,0.032,61.39,9.977
Uterus,Chile,Female,2000,9.977653991,11.36080419,885,12526,29,0.044,64.04,9.191
Uterus,Chile,Female,2001,9.608708418,11.15277789,879,12482,27,0.045,64.58,9.535
Uterus,Chile,Female,2002,8.956453556,10.6272039,847,12498,27,0.049,64.56,9.272
Uterus,Chile,Female,2003,8.835659256,10.87535699,876,13283,27,0.04,62.95,9.873
Uterus,Chile,Female,2004,8.583089495,10.77772334,877,14037,28,0.041,63.95,9.827
Uterus,Chile,Female,2005,8.286476669,10.7678951,885,14076,28,0.046,63.47,9.486
Uterus,Chile,Female,2006,8.151543719,10.55421051,876,14269,28,0.047,63.53,9.948
Uterus,Chile,Female,2007,7.665289735,10.15280145,851,16370,29,0.035,63.05,8.968
Uterus,Chile,Female,2008,7.282598766,9.88637928,837,16710,30,0.042,62.75,9.767
Uterus,Chile,Female,2009,7.714236157,10.74615877,919,15860,29,0.044,62.32,9.654
Uterus,Chile,Female,2010,6.889556459,9.863320084,852,17643,30,0.038,62.62,9.24
Uterus,Chile,Female,2011,6.930513631,9.996139679,872,18582,32,0.039,63.21,9.456
Uterus,Chile,Female,2012,6.554426288,9.640209552,849,16176,34,0.042,63.46,9.815
Uterus,Chile,Female,2013,6.551078215,9.650630311,858,17454,36,0.038,62.28,9.763
Uterus,Chile,Female,2014,6.436237513,9.733684607,874,16394,25,0.042,61.6,9.611
Uterus,Chile,Female,2015,6.93826544,10.57196596,959,16984,24,0.042,60.98,10.09
Uterus,Chile,Female,2016,6.763302933,10.3904223,954,17639,24,0.033,61.75,10.35
Uterus,Chile,Female,2017,6.391861558,10.06660415,939,17924,24,0.045,62.9,9.816
Uterus,Chile,Female,2018,6.440688885,10.24689272,973,17962,25,0.041,62.12,9.798
Uterus,Chile,Female,2019,6.932776881,11.13116413,1074,18629,25,0.036,59.98,10.2
Uterus,Chile,Female,2020,7.049717982,11.37882443,1108,17160,24,0.038,60.8,10.16
Uterus,Chile,Female,2021,6.805515515,11.41663703,1117,18934,25,0.032,61.39,9.977
Cervix uteri,Chile,Female,2000,7.771976549,8.767716677,683,12526,29,0.044,64.04,9.191
Cervix uteri,Chile,Female,2001,7.424706096,8.551731856,674,12482,27,0.045,64.58,9.535
Cervix uteri,Chile,Female,2002,6.735961754,7.929625577,632,12498,27,0.049,64.56,9.272
Cervix uteri,Chile,Female,2003,6.931253049,8.404813562,677,13283,27,0.04,62.95,9.873
Cervix uteri,Chile,Female,2004,6.691151501,8.307572383,676,14037,28,0.041,63.95,9.827
Cervix uteri,Chile,Female,2005,6.391088527,8.237135574,677,14076,28,0.046,63.47,9.486
Cervix uteri,Chile,Female,2006,6.333685223,8.060236108,669,14269,28,0.047,63.53,9.948
Cervix uteri,Chile,Female,2007,5.606098788,7.361079313,617,16370,29,0.035,63.05,8.968
Cervix uteri,Chile,Female,2008,5.365879575,7.228750441,612,16710,30,0.042,62.75,9.767
Cervix uteri,Chile,Female,2009,5.479915776,7.553883099,646,15860,29,0.044,62.32,9.654
Cervix uteri,Chile,Female,2010,4.781032564,6.69131339,578,17643,30,0.038,62.62,9.24
Cervix uteri,Chile,Female,2011,4.762843446,6.729052743,587,18582,32,0.039,63.21,9.456
Cervix uteri,Chile,Female,2012,4.616051558,6.631192437,584,16176,34,0.042,63.46,9.815
Cervix uteri,Chile,Female,2013,4.347483811,6.310027511,561,17454,36,0.038,62.28,9.763
Cervix uteri,Chile,Female,2014,4.044141912,6.002810072,539,16394,25,0.042,61.6,9.611
Cervix uteri,Chile,Female,2015,4.607123235,6.834847647,620,16984,24,0.042,60.98,10.09
Cervix uteri,Chile,Female,2016,4.544829585,6.796251062,624,17639,24,0.033,61.75,10.35
Cervix uteri,Chile,Female,2017,4.268583422,6.443055477,601,17924,24,0.045,62.9,9.816
Cervix uteri,Chile,Female,2018,4.194127846,6.413522781,609,17962,25,0.041,62.12,9.798
Cervix uteri,Chile,Female,2019,4.397282278,6.73673807,650,18629,25,0.036,59.98,10.2
Cervix uteri,Chile,Female,2020,4.402143245,6.798539505,662,17160,24,0.038,60.8,10.16
Cervix uteri,Chile,Female,2021,4.284489348,6.766171636,662,18934,25,0.032,61.39,9.977
Corpus uteri,Chile,Female,2000,1.056996806,1.270869621,99,12526,29,0.044,64.04,9.191
Corpus uteri,Chile,Female,2001,1.204333495,1.433747329,113,12482,27,0.045,64.58,9.535
Corpus uteri,Chile,Female,2002,1.043329142,1.217046964,97,12498,27,0.049,64.56,9.272
Corpus uteri,Chile,Female,2003,0.8950506964,1.154575571,93,13283,27,0.04,62.95,9.873
Corpus uteri,Chile,Female,2004,1.031284957,1.351823908,110,14037,28,0.041,63.95,9.827
Corpus uteri,Chile,Female,2005,0.8968870465,1.228878424,101,14076,28,0.046,63.47,9.486
Corpus uteri,Chile,Female,2006,1.118154705,1.518071375,126,14269,28,0.047,63.53,9.948
Corpus uteri,Chile,Female,2007,1.173098789,1.56288718,131,16370,29,0.035,63.05,8.968
Corpus uteri,Chile,Female,2008,1.140283705,1.594577303,135,16710,30,0.042,62.75,9.767
Corpus uteri,Chile,Female,2009,1.329535535,1.870930799,160,15860,29,0.044,62.32,9.654
Corpus uteri,Chile,Female,2010,1.366576888,2.025916684,175,17643,30,0.038,62.62,9.24
Corpus uteri,Chile,Female,2011,1.230282332,1.822690607,159,18582,32,0.039,63.21,9.456
Corpus uteri,Chile,Female,2012,1.278131468,1.998441556,176,16176,34,0.042,63.46,9.815
Corpus uteri,Chile,Female,2013,1.414196186,2.159581608,192,17454,36,0.038,62.28,9.763
Corpus uteri,Chile,Female,2014,1.409272004,2.14942921,193,16394,25,0.042,61.6,9.611
Corpus uteri,Chile,Female,2015,1.381685974,2.215813511,201,16984,24,0.042,60.98,10.09
Corpus uteri,Chile,Female,2016,1.318302855,2.156502741,198,17639,24,0.033,61.75,10.35
Corpus uteri,Chile,Female,2017,1.293486059,2.219155547,207,17924,24,0.045,62.9,9.816
Corpus uteri,Chile,Female,2018,1.334534998,2.306340705,219,17962,25,0.041,62.12,9.798
Corpus uteri,Chile,Female,2019,1.712391927,2.995257388,289,18629,25,0.036,59.98,10.2
Corpus uteri,Chile,Female,2020,1.726767454,3.039830353,296,17160,24,0.038,60.8,10.16
Corpus uteri,Chile,Female,2021,1.671734331,3.096903332,303,18934,25,0.032,61.39,9.977
Ovary,Chile,Female,2000,3.963230151,4.415951006,344,12526,29,0.044,64.04,9.191
Ovary,Chile,Female,2001,3.864952196,4.377370164,345,12482,27,0.045,64.58,9.535
Ovary,Chile,Female,2002,3.340711486,3.801703402,303,12498,27,0.049,64.56,9.272
Ovary,Chile,Female,2003,3.482693456,4.059636684,327,13283,27,0.04,62.95,9.873
Ovary,Chile,Female,2004,3.319072842,4.043182417,329,14037,28,0.041,63.95,9.827
Ovary,Chile,Female,2005,3.601817892,4.465330511,367,14076,28,0.046,63.47,9.486
Ovary,Chile,Female,2006,3.616615078,4.530117753,376,14269,28,0.047,63.53,9.948
Ovary,Chile,Female,2007,3.147515319,3.948974478,331,16370,29,0.035,63.05,8.968
Ovary,Chile,Female,2008,2.927325973,3.89785563,330,16710,30,0.042,62.75,9.767
Ovary,Chile,Female,2009,3.283734384,4.408380694,377,15860,29,0.044,62.32,9.654
Ovary,Chile,Female,2010,3.605875662,4.896930042,423,17643,30,0.038,62.62,9.24
Ovary,Chile,Female,2011,3.432509588,4.654165951,406,18582,32,0.039,63.21,9.456
Ovary,Chile,Female,2012,3.22514737,4.439719594,391,16176,34,0.042,63.46,9.815
Ovary,Chile,Female,2013,3.349377293,4.735332589,421,17454,36,0.038,62.28,9.763
Ovary,Chile,Female,2014,2.893500338,4.309995358,387,16394,25,0.042,61.6,9.611
Ovary,Chile,Female,2015,3.169807021,4.828489144,438,16984,24,0.042,60.98,10.09
Ovary,Chile,Female,2016,3.498155875,5.23877686,481,17639,24,0.033,61.75,10.35
Ovary,Chile,Female,2017,3.62327993,5.542528588,517,17924,24,0.045,62.9,9.816
Ovary,Chile,Female,2018,3.32467724,5.086587033,483,17962,25,0.041,62.12,9.798
Ovary,Chile,Female,2019,3.327945342,5.285748332,510,18629,25,0.036,59.98,10.2
Ovary,Chile,Female,2020,3.456685074,5.360781906,522,17160,24,0.038,60.8,10.16
Ovary,Chile,Female,2021,3.551217364,5.764532934,564,18934,25,0.032,61.39,9.977
Oesophagus,Chile,Female,2000,2.568286715,3.414659789,266,12526,29,0.044,64.04,9.191
Oesophagus,Chile,Female,2001,2.538890204,3.451144013,272,12482,27,0.045,64.58,9.535
Oesophagus,Chile,Female,2002,2.430576075,3.437844,274,12498,27,0.049,64.56,9.272
Oesophagus,Chile,Female,2003,2.48825902,3.625118996,292,13283,27,0.04,62.95,9.873
Oesophagus,Chile,Female,2004,2.33450772,3.576188703,291,14037,28,0.041,63.95,9.827
Oesophagus,Chile,Female,2005,2.394886801,3.808306403,313,14076,28,0.046,63.47,9.486
Oesophagus,Chile,Female,2006,1.76922794,2.963853636,246,14269,28,0.047,63.53,9.948
Oesophagus,Chile,Female,2007,1.920116723,3.292800471,276,16370,29,0.035,63.05,8.968
Oesophagus,Chile,Female,2008,1.582972648,2.858427462,242,16710,30,0.042,62.75,9.767
Oesophagus,Chile,Female,2009,1.750084359,3.051955865,261,15860,29,0.044,62.32,9.654
Oesophagus,Chile,Female,2010,1.522469193,2.75524669,238,17643,30,0.038,62.62,9.24
Oesophagus,Chile,Female,2011,1.539923728,2.808548419,245,18582,32,0.039,63.21,9.456
Oesophagus,Chile,Female,2012,1.329915132,2.691083232,237,16176,34,0.042,63.46,9.815
Oesophagus,Chile,Female,2013,1.418127184,2.766963935,246,17454,36,0.038,62.28,9.763
Oesophagus,Chile,Female,2014,1.540829406,3.051521261,274,16394,25,0.042,61.6,9.611
Oesophagus,Chile,Female,2015,1.451169386,3.03158565,275,16984,24,0.042,60.98,10.09
Oesophagus,Chile,Female,2016,1.133867698,2.385222728,219,17639,24,0.033,61.75,10.35
Oesophagus,Chile,Female,2017,1.080102156,2.412125595,225,17924,24,0.045,62.9,9.816
Oesophagus,Chile,Female,2018,1.141481305,2.580152843,245,17962,25,0.041,62.12,9.798
Oesophagus,Chile,Female,2019,0.9833756454,2.290490944,221,18629,25,0.036,59.98,10.2
Oesophagus,Chile,Female,2020,1.047684574,2.310681856,225,17160,24,0.038,60.8,10.16
Oesophagus,Chile,Female,2021,0.9171912118,2.197472661,215,18934,25,0.032,61.39,9.977
Kidney,Chile,Female,2000,1.506548614,1.758678162,137,12526,29,0.044,64.04,9.191
Kidney,Chile,Female,2001,1.388572199,1.763636095,139,12482,27,0.045,64.58,9.535
Kidney,Chile,Female,2002,1.622701765,2.05768765,164,12498,27,0.049,64.56,9.272
Kidney,Chile,Female,2003,1.248859681,1.688411587,136,13283,27,0.04,62.95,9.873
Kidney,Chile,Female,2004,1.554759912,2.064603787,168,14037,28,0.041,63.95,9.827
Kidney,Chile,Female,2005,1.892206817,2.5064253,206,14076,28,0.046,63.47,9.486
Kidney,Chile,Female,2006,1.604663599,2.22891432,185,14269,28,0.047,63.53,9.948
Kidney,Chile,Female,2007,1.724918213,2.529252535,212,16370,29,0.035,63.05,8.968
Kidney,Chile,Female,2008,1.619639546,2.433206848,206,16710,30,0.042,62.75,9.767
Kidney,Chile,Female,2009,1.556427885,2.326970181,199,15860,29,0.044,62.32,9.654
Kidney,Chile,Female,2010,1.576704888,2.500560021,216,17643,30,0.038,62.62,9.24
Kidney,Chile,Female,2011,1.751681213,2.77415803,242,18582,32,0.039,63.21,9.456
Kidney,Chile,Female,2012,1.871179915,2.884114519,254,16176,34,0.042,63.46,9.815
Kidney,Chile,Female,2013,1.566200018,2.643237906,235,17454,36,0.038,62.28,9.763
Kidney,Chile,Female,2014,1.723444893,3.006973506,270,16394,25,0.042,61.6,9.611
Kidney,Chile,Female,2015,1.762849158,3.042609598,276,16984,24,0.042,60.98,10.09
Kidney,Chile,Female,2016,1.873586678,3.202079827,294,17639,24,0.033,61.75,10.35
Kidney,Chile,Female,2017,1.724876743,2.991035737,279,17924,24,0.045,62.9,9.816
Kidney,Chile,Female,2018,1.787533124,3.201495773,304,17962,25,0.041,62.12,9.798
Kidney,Chile,Female,2019,1.833412771,3.368369035,325,18629,25,0.036,59.98,10.2
Kidney,Chile,Female,2020,1.775228725,3.389000056,330,17160,24,0.038,60.8,10.16
Kidney,Chile,Female,2021,1.68454616,3.352423409,328,18934,25,0.032,61.39,9.977
Bladder,Chile,Female,2000,1.067328809,1.476262691,115,12526,29,0.044,64.04,9.191
Bladder,Chile,Female,2001,0.9767149024,1.357619152,107,12482,27,0.045,64.58,9.535
Bladder,Chile,Female,2002,0.929902225,1.355062599,108,12498,27,0.049,64.56,9.272
Bladder,Chile,Female,2003,0.9797145221,1.415286183,114,13283,27,0.04,62.95,9.873
Bladder,Chile,Female,2004,1.014048474,1.560742149,127,14037,28,0.041,63.95,9.827
Bladder,Chile,Female,2005,1.21732884,1.837234079,151,14076,28,0.046,63.47,9.486
Bladder,Chile,Female,2006,1.149561741,1.819276012,151,14269,28,0.047,63.53,9.948
Bladder,Chile,Female,2007,0.8785844192,1.515165434,127,16370,29,0.035,63.05,8.968
Bladder,Chile,Female,2008,0.918736937,1.58276562,134,16710,30,0.042,62.75,9.767
Bladder,Chile,Female,2009,0.9031081233,1.520131274,130,15860,29,0.044,62.32,9.654
Bladder,Chile,Female,2010,1.022122376,1.829113349,158,17643,30,0.038,62.62,9.24
Bladder,Chile,Female,2011,0.8719248142,1.593421348,139,18582,32,0.039,63.21,9.456
Bladder,Chile,Female,2012,0.7474164181,1.476121604,130,16176,34,0.042,63.46,9.815
Bladder,Chile,Female,2013,0.8561280325,1.653429669,147,17454,36,0.038,62.28,9.763
Bladder,Chile,Female,2014,1.298367678,2.472400438,222,16394,25,0.042,61.6,9.611
Bladder,Chile,Female,2015,0.8720433803,1.71973586,156,16984,24,0.042,60.98,10.09
Bladder,Chile,Female,2016,1.056785845,2.047588461,188,17639,24,0.033,61.75,10.35
Bladder,Chile,Female,2017,1.045518955,2.14411164,200,17924,24,0.045,62.9,9.816
Bladder,Chile,Female,2018,0.9357217976,2.043059802,194,17962,25,0.041,62.12,9.798
Bladder,Chile,Female,2019,0.8800398686,1.917379297,185,18629,25,0.036,59.98,10.2
Bladder,Chile,Female,2020,0.8534422038,1.930703062,188,17160,24,0.038,60.8,10.16
Bladder,Chile,Female,2021,0.8325060789,1.931731781,189,18934,25,0.032,61.39,9.977
Brain and central nervous system,Chile,Female,2000,1.264987186,1.347892022,105,12526,29,0.044,64.04,9.191
Brain and central nervous system,Chile,Female,2001,1.308828781,1.433747329,113,12482,27,0.045,64.58,9.535
Brain and central nervous system,Chile,Female,2002,1.293953764,1.44289073,115,12498,27,0.049,64.56,9.272
Brain and central nervous system,Chile,Female,2003,1.318537428,1.464945348,118,13283,27,0.04,62.95,9.873
Brain and central nervous system,Chile,Female,2004,1.548213129,1.708213848,139,14037,28,0.041,63.95,9.827
Brain and central nervous system,Chile,Female,2005,1.297836725,1.508722025,124,14076,28,0.046,63.47,9.486
Brain and central nervous system,Chile,Female,2006,1.307280319,1.554215931,129,14269,28,0.047,63.53,9.948
Brain and central nervous system,Chile,Female,2007,1.498188912,1.813426346,152,16370,29,0.035,63.05,8.968
Brain and central nervous system,Chile,Female,2008,1.735736401,2.09066802,177,16710,30,0.042,62.75,9.767
Brain and central nervous system,Chile,Female,2009,1.670099655,2.069717196,177,15860,29,0.044,62.32,9.654
Brain and central nervous system,Chile,Female,2010,2.071488491,2.512136688,217,17643,30,0.038,62.62,9.24
Brain and central nervous system,Chile,Female,2011,1.917626275,2.395863753,209,18582,32,0.039,63.21,9.456
Brain and central nervous system,Chile,Female,2012,1.696704455,2.339085003,206,16176,34,0.042,63.46,9.815
Brain and central nervous system,Chile,Female,2013,1.649967345,2.159581608,192,17454,36,0.038,62.28,9.763
Brain and central nervous system,Chile,Female,2014,1.805128941,2.461263499,221,16394,25,0.042,61.6,9.611
Brain and central nervous system,Chile,Female,2015,1.762243891,2.458340363,223,16984,24,0.042,60.98,10.09
Brain and central nervous system,Chile,Female,2016,1.76823959,2.396114156,220,17639,24,0.033,61.75,10.35
Brain and central nervous system,Chile,Female,2017,1.782573604,2.476448944,231,17924,24,0.045,62.9,9.816
Brain and central nervous system,Chile,Female,2018,1.585280794,2.295809468,218,17962,25,0.041,62.12,9.798
Brain and central nervous system,Chile,Female,2019,2.00742822,2.756880503,266,18629,25,0.036,59.98,10.2
Brain and central nervous system,Chile,Female,2020,1.838512531,2.608503073,254,17160,24,0.038,60.8,10.16
Brain and central nervous system,Chile,Female,2021,1.931047878,2.89248727,283,18934,25,0.032,61.39,9.977
Thyroid,Chile,Female,2000,0.5837040775,0.731712812,57,12526,29,0.044,64.04,9.191
Thyroid,Chile,Female,2001,0.590479943,0.773969797,61,12482,27,0.045,64.58,9.535
Thyroid,Chile,Female,2002,0.5460590661,0.7277188029,58,12498,27,0.049,64.56,9.272
Thyroid,Chile,Female,2003,0.6208302007,0.8317910025,67,13283,27,0.04,62.95,9.873
Thyroid,Chile,Female,2004,0.4394618687,0.663622646,54,14037,28,0.041,63.95,9.827
Thyroid,Chile,Female,2005,0.5450402041,0.7543610127,62,14076,28,0.046,63.47,9.486
Thyroid,Chile,Female,2006,0.5247414249,0.7710838728,64,14269,28,0.047,63.53,9.948
Thyroid,Chile,Female,2007,0.5211834349,0.7754783717,65,16370,29,0.035,63.05,8.968
Thyroid,Chile,Female,2008,0.5233031313,0.779571126,66,16710,30,0.042,62.75,9.767
Thyroid,Chile,Female,2009,0.5907868426,0.9354653993,80,15860,29,0.044,62.32,9.654
Thyroid,Chile,Female,2010,0.5867058116,0.937710008,81,17643,30,0.038,62.62,9.24
Thyroid,Chile,Female,2011,0.4244595374,0.7795154795,68,18582,32,0.039,63.21,9.456
Thyroid,Chile,Female,2012,0.5852236073,0.976511215,86,16176,34,0.042,63.46,9.815
Thyroid,Chile,Female,2013,0.5354661351,0.9673125953,86,17454,36,0.038,62.28,9.763
Thyroid,Chile,Female,2014,0.488587018,0.8909551128,80,16394,25,0.042,61.6,9.611
Thyroid,Chile,Female,2015,0.5358074737,1.036251095,94,16984,24,0.042,60.98,10.09
Thyroid,Chile,Female,2016,0.5625194454,1.056468514,97,17639,24,0.033,61.75,10.35
Thyroid,Chile,Female,2017,0.5819287658,1.147099727,107,17924,24,0.045,62.9,9.816
Thyroid,Chile,Female,2018,0.4802994884,0.9478112484,90,17962,25,0.041,62.12,9.798
Thyroid,Chile,Female,2019,0.6599002949,1.295526552,125,18629,25,0.036,59.98,10.2
Thyroid,Chile,Female,2020,0.5205680011,1.098857594,107,17160,24,0.038,60.8,10.16
Thyroid,Chile,Female,2021,0.4659866463,0.950534686,93,18934,25,0.032,61.39,9.977
Hodgkin lymphoma,Chile,Female,2000,0.1638793741,0.1925560031,15,12526,29,0.044,64.04,9.191
Hodgkin lymphoma,Chile,Female,2001,0.2089566277,0.2410725597,19,12482,27,0.045,64.58,9.535
Hodgkin lymphoma,Chile,Female,2002,0.1892236102,0.2383906423,19,12498,27,0.049,64.56,9.272
Hodgkin lymphoma,Chile,Female,2003,0.1758521138,0.2234662395,18,13283,27,0.04,62.95,9.873
Hodgkin lymphoma,Chile,Female,2004,0.303052531,0.3932578643,32,14037,28,0.041,63.95,9.827
Hodgkin lymphoma,Chile,Female,2005,0.2307206241,0.2920107146,24,14076,28,0.046,63.47,9.486
Hodgkin lymphoma,Chile,Female,2006,0.239992679,0.3012046378,25,14269,28,0.047,63.53,9.948
Hodgkin lymphoma,Chile,Female,2007,0.198597745,0.2505391663,21,16370,29,0.035,63.05,8.968
Hodgkin lymphoma,Chile,Female,2008,0.1654667243,0.2126103071,18,16710,30,0.042,62.75,9.767
Hodgkin lymphoma,Chile,Female,2009,0.09495477518,0.1520131274,13,15860,29,0.044,62.32,9.654
Hodgkin lymphoma,Chile,Female,2010,0.2043996791,0.2778400024,24,17643,30,0.038,62.62,9.24
Hodgkin lymphoma,Chile,Female,2011,0.293006244,0.3897577398,34,18582,32,0.039,63.21,9.456
Hodgkin lymphoma,Chile,Female,2012,0.1763359269,0.2611599761,23,16176,34,0.042,63.46,9.815
Hodgkin lymphoma,Chile,Female,2013,0.2391945811,0.3149389845,28,17454,36,0.038,62.28,9.763
Hodgkin lymphoma,Chile,Female,2014,0.2490503066,0.3786559229,34,16394,25,0.042,61.6,9.611
Hodgkin lymphoma,Chile,Female,2015,0.2411740952,0.3748142258,34,16984,24,0.042,60.98,10.09
Hodgkin lymphoma,Chile,Female,2016,0.3096489818,0.4138742634,38,17639,24,0.033,61.75,10.35
Hodgkin lymphoma,Chile,Female,2017,0.2136681798,0.3216167459,30,17924,24,0.045,62.9,9.816
Hodgkin lymphoma,Chile,Female,2018,0.1849649991,0.3159370828,30,17962,25,0.041,62.12,9.798
Hodgkin lymphoma,Chile,Female,2019,0.2617332657,0.3834758594,37,18629,25,0.036,59.98,10.2
Hodgkin lymphoma,Chile,Female,2020,0.2064795276,0.3080909141,30,17160,24,0.038,60.8,10.16
Hodgkin lymphoma,Chile,Female,2021,0.172285279,0.3270656984,32,18934,25,0.032,61.39,9.977
Non-Hodgkin lymphoma,Chile,Female,2000,2.464659337,2.926851248,228,12526,29,0.044,64.04,9.191
Non-Hodgkin lymphoma,Chile,Female,2001,2.459980923,3.04512707,240,12482,27,0.045,64.58,9.535
Non-Hodgkin lymphoma,Chile,Female,2002,2.468460669,3.036343971,242,12498,27,0.049,64.56,9.272
Non-Hodgkin lymphoma,Chile,Female,2003,2.587738006,3.32716401,268,13283,27,0.04,62.95,9.873
Non-Hodgkin lymphoma,Chile,Female,2004,2.302959558,2.912566057,237,14037,28,0.041,63.95,9.827
Non-Hodgkin lymphoma,Chile,Female,2005,2.168639067,2.907940033,239,14076,28,0.046,63.47,9.486
Non-Hodgkin lymphoma,Chile,Female,2006,2.616815955,3.614455654,300,14269,28,0.047,63.53,9.948
Non-Hodgkin lymphoma,Chile,Female,2007,1.97660462,2.839443884,238,16370,29,0.035,63.05,8.968
Non-Hodgkin lymphoma,Chile,Female,2008,2.004649573,2.929297564,248,16710,30,0.042,62.75,9.767
Non-Hodgkin lymphoma,Chile,Female,2009,2.184522757,3.180582358,272,15860,29,0.044,62.32,9.654
Non-Hodgkin lymphoma,Chile,Female,2010,2.296774317,3.345656695,289,17643,30,0.038,62.62,9.24
Non-Hodgkin lymphoma,Chile,Female,2011,1.9678009,3.255623473,284,18582,32,0.039,63.21,9.456
Non-Hodgkin lymphoma,Chile,Female,2012,2.126144752,3.383724908,298,16176,34,0.042,63.46,9.815
Non-Hodgkin lymphoma,Chile,Female,2013,2.128254183,3.430585367,305,17454,36,0.038,62.28,9.763
Non-Hodgkin lymphoma,Chile,Female,2014,1.910288603,3.040384322,273,16394,25,0.042,61.6,9.611
Non-Hodgkin lymphoma,Chile,Female,2015,1.849001247,3.108753285,282,16984,24,0.042,60.98,10.09
Non-Hodgkin lymphoma,Chile,Female,2016,1.935672546,3.430799815,315,17639,24,0.033,61.75,10.35
Non-Hodgkin lymphoma,Chile,Female,2017,1.675940493,2.894550713,270,17924,24,0.045,62.9,9.816
Non-Hodgkin lymphoma,Chile,Female,2018,1.889835812,3.401589258,323,17962,25,0.041,62.12,9.798
Non-Hodgkin lymphoma,Chile,Female,2019,1.696837489,2.984893176,288,18629,25,0.036,59.98,10.2
Non-Hodgkin lymphoma,Chile,Female,2020,1.730803468,3.26576369,318,17160,24,0.038,60.8,10.16
Non-Hodgkin lymphoma,Chile,Female,2021,1.708097791,3.280877787,321,18934,25,0.032,61.39,9.977
Multiple myeloma,Chile,Female,2000,1.605330948,1.938397098,151,12526,29,0.044,64.04,9.191
Multiple myeloma,Chile,Female,2001,1.738184816,2.11890092,167,12482,27,0.045,64.58,9.535
Multiple myeloma,Chile,Female,2002,1.881455208,2.33371892,186,12498,27,0.049,64.56,9.272
Multiple myeloma,Chile,Female,2003,1.734974436,2.259491977,182,13283,27,0.04,62.95,9.873
Multiple myeloma,Chile,Female,2004,1.779754155,2.39641511,195,14037,28,0.041,63.95,9.827
Multiple myeloma,Chile,Female,2005,1.626062489,2.238748812,184,14076,28,0.046,63.47,9.486
Multiple myeloma,Chile,Female,2006,1.441254721,1.975902424,164,14269,28,0.047,63.53,9.948
Multiple myeloma,Chile,Female,2007,1.571826351,2.20713075,185,16370,29,0.035,63.05,8.968
Multiple myeloma,Chile,Female,2008,1.30085183,1.99617455,169,16710,30,0.042,62.75,9.767
Multiple myeloma,Chile,Female,2009,1.5646296,2.326970181,199,15860,29,0.044,62.32,9.654
Multiple myeloma,Chile,Female,2010,1.702852577,2.500560021,216,17643,30,0.038,62.62,9.24
Multiple myeloma,Chile,Female,2011,1.690556875,2.602206086,227,18582,32,0.039,63.21,9.456
Multiple myeloma,Chile,Female,2012,1.693135278,2.691083232,237,16176,34,0.042,63.46,9.815
Multiple myeloma,Chile,Female,2013,1.694506251,2.688229189,239,17454,36,0.038,62.28,9.763
Multiple myeloma,Chile,Female,2014,1.467000311,2.438989621,219,16394,25,0.042,61.6,9.611
Multiple myeloma,Chile,Female,2015,1.534780977,2.645747476,240,16984,24,0.042,60.98,10.09
Multiple myeloma,Chile,Female,2016,1.311103598,2.330765588,214,17639,24,0.033,61.75,10.35
Multiple myeloma,Chile,Female,2017,1.648974073,2.969594621,277,17924,24,0.045,62.9,9.816
Multiple myeloma,Chile,Female,2018,1.329032621,2.474840482,235,17962,25,0.041,62.12,9.798
Multiple myeloma,Chile,Female,2019,1.396217246,2.74651629,265,18629,25,0.036,59.98,10.2
Multiple myeloma,Chile,Female,2020,1.238918409,2.433918222,237,17160,24,0.038,60.8,10.16
Multiple myeloma,Chile,Female,2021,1.265488294,2.667629603,261,18934,25,0.032,61.39,9.977
Leukaemia,Chile,Female,2000,2.83585389,3.170755519,247,12526,29,0.044,64.04,9.191
Leukaemia,Chile,Female,2001,3.017279642,3.51458416,277,12482,27,0.045,64.58,9.535
Leukaemia,Chile,Female,2002,2.955621028,3.37510962,269,12498,27,0.049,64.56,9.272
Leukaemia,Chile,Female,2003,3.002683267,3.538215458,285,13283,27,0.04,62.95,9.873
Leukaemia,Chile,Female,2004,2.919237987,3.477874237,283,14037,28,0.041,63.95,9.827
Leukaemia,Chile,Female,2005,2.867703889,3.491961462,287,14076,28,0.046,63.47,9.486
Leukaemia,Chile,Female,2006,2.637684162,3.445781057,286,14269,28,0.047,63.53,9.948
Leukaemia,Chile,Female,2007,2.870616744,3.543339637,297,16370,29,0.035,63.05,8.968
Leukaemia,Chile,Female,2008,2.850365063,3.673433639,311,16710,30,0.042,62.75,9.767
Leukaemia,Chile,Female,2009,2.321975887,3.087035818,264,15860,29,0.044,62.32,9.654
Leukaemia,Chile,Female,2010,2.482009799,3.345656695,289,17643,30,0.038,62.62,9.24
Leukaemia,Chile,Female,2011,2.551062864,3.542210047,309,18582,32,0.039,63.21,9.456
Leukaemia,Chile,Female,2012,2.66831523,3.576756194,315,16176,34,0.042,63.46,9.815
Leukaemia,Chile,Female,2013,2.844363016,4.004224232,356,17454,36,0.038,62.28,9.763
Leukaemia,Chile,Female,2014,2.918116504,3.98702413,358,16394,25,0.042,61.6,9.611
Leukaemia,Chile,Female,2015,2.844765404,4.178076223,379,16984,24,0.042,60.98,10.09
Leukaemia,Chile,Female,2016,2.664264527,3.811999794,350,17639,24,0.033,61.75,10.35
Leukaemia,Chile,Female,2017,2.529735981,3.859400951,360,17924,24,0.045,62.9,9.816
Leukaemia,Chile,Female,2018,2.744752385,4.04399466,384,17962,25,0.041,62.12,9.798
Leukaemia,Chile,Female,2019,2.681491295,3.959129143,382,18629,25,0.036,59.98,10.2
Leukaemia,Chile,Female,2020,2.196460405,3.635472787,354,17160,24,0.038,60.8,10.16
Leukaemia,Chile,Female,2021,2.178430518,3.607943486,353,18934,25,0.032,61.39,9.977
Stomach,Chile,Female,2000,9.966536256,12.99111168,1012,12526,29,0.044,64.04,9.191
Stomach,Chile,Female,2001,9.24018186,12.26932449,967,12482,27,0.045,64.58,9.535
Stomach,Chile,Female,2002,9.78027071,13.21186034,1053,12498,27,0.049,64.56,9.272
Stomach,Chile,Female,2003,9.290148445,13.09760459,1055,13283,27,0.04,62.95,9.873
Stomach,Chile,Female,2004,8.788601586,12.59654097,1025,14037,28,0.041,63.95,9.827
Stomach,Chile,Female,2005,8.892278599,12.75113454,1048,14076,28,0.046,63.47,9.486
Stomach,Chile,Female,2006,7.725267253,11.71083632,972,14269,28,0.047,63.53,9.948
Stomach,Chile,Female,2007,7.656608126,11.87078431,995,16370,29,0.035,63.05,8.968
Stomach,Chile,Female,2008,7.730527098,12.37864455,1048,16710,30,0.042,62.75,9.767
Stomach,Chile,Female,2009,7.993859932,13.038049,1115,15860,29,0.044,62.32,9.654
Stomach,Chile,Female,2010,7.661435736,12.35230344,1067,17643,30,0.038,62.62,9.24
Stomach,Chile,Female,2011,7.442248295,12.50663806,1091,18582,32,0.039,63.21,9.456
Stomach,Chile,Female,2012,7.77434361,13.31915878,1173,16176,34,0.042,63.46,9.815
Stomach,Chile,Female,2013,7.208150091,12.46258553,1108,17454,36,0.038,62.28,9.763
Stomach,Chile,Female,2014,6.760795766,12.03903096,1081,16394,25,0.042,61.6,9.611
Stomach,Chile,Female,2015,6.814534715,12.3798934,1123,16984,24,0.042,60.98,10.09
Stomach,Chile,Female,2016,6.398037638,11.9478965,1097,17639,24,0.033,61.75,10.35
Stomach,Chile,Female,2017,6.317373157,11.86765793,1107,17924,24,0.045,62.9,9.816
Stomach,Chile,Female,2018,5.529183129,10.65761093,1012,17962,25,0.041,62.12,9.798
Stomach,Chile,Female,2019,5.346227864,10.3538482,999,18629,25,0.036,59.98,10.2
Stomach,Chile,Female,2020,5.453915316,10.83453048,1055,17160,24,0.038,60.8,10.16
Stomach,Chile,Female,2021,5.177557547,10.68073921,1045,18934,25,0.032,61.39,9.977
Colon,Chile,Female,2000,5.231672045,6.777971311,528,12526,29,0.044,64.04,9.191
Colon,Chile,Female,2001,4.574354626,6.10294217,481,12482,27,0.045,64.58,9.535
Colon,Chile,Female,2002,4.601716201,6.285984832,501,12498,27,0.049,64.56,9.272
Colon,Chile,Female,2003,4.841942446,6.877794259,554,13283,27,0.04,62.95,9.873
Colon,Chile,Female,2004,4.84388513,7.115509482,579,14037,28,0.041,63.95,9.827
Colon,Chile,Female,2005,4.647794385,6.983922924,574,14076,28,0.046,63.47,9.486
Colon,Chile,Female,2006,4.88703653,7.421682276,616,14269,28,0.047,63.53,9.948
Colon,Chile,Female,2007,4.451582614,7.027027092,589,16370,29,0.035,63.05,8.968
Colon,Chile,Female,2008,4.856656865,7.689406107,651,16710,30,0.042,62.75,9.767
Colon,Chile,Female,2009,5.125605939,8.349028689,714,15860,29,0.044,62.32,9.654
Colon,Chile,Female,2010,4.821166454,8.115243402,701,17643,30,0.038,62.62,9.24
Colon,Chile,Female,2011,5.167200422,8.975891478,783,18582,32,0.039,63.21,9.456
Colon,Chile,Female,2012,5.48512505,9.515306955,838,16176,34,0.042,63.46,9.815
Colon,Chile,Female,2013,5.544016819,9.853091087,876,17454,36,0.038,62.28,9.763
Colon,Chile,Female,2014,5.530275726,10.2459838,920,16394,25,0.042,61.6,9.611
Colon,Chile,Female,2015,5.815485452,11.03497177,1001,16984,24,0.042,60.98,10.09
Colon,Chile,Female,2016,5.682924686,10.94588512,1005,17639,24,0.033,61.75,10.35
Colon,Chile,Female,2017,5.66475571,10.75271987,1003,17924,24,0.045,62.9,9.816
Colon,Chile,Female,2018,5.542636772,10.72079834,1018,17962,25,0.041,62.12,9.798
Colon,Chile,Female,2019,6.015489041,11.76338109,1135,18629,25,0.036,59.98,10.2
Colon,Chile,Female,2020,5.840284204,11.4712517,1117,17160,24,0.038,60.8,10.16
Colon,Chile,Female,2021,6.086872585,12.52048377,1225,18934,25,0.032,61.39,9.977
Rectum and anus,Chile,Female,2000,1.732940249,2.195138436,171,12526,29,0.044,64.04,9.191
Rectum and anus,Chile,Female,2001,1.884177841,2.410725597,190,12482,27,0.045,64.58,9.535
Rectum and anus,Chile,Female,2002,1.67753485,2.258437664,180,12498,27,0.049,64.56,9.272
Rectum and anus,Chile,Female,2003,1.653137799,2.197418021,177,13283,27,0.04,62.95,9.873
Rectum and anus,Chile,Female,2004,1.84629152,2.580754734,210,14037,28,0.041,63.95,9.827
Rectum and anus,Chile,Female,2005,1.902802798,2.70109911,222,14076,28,0.046,63.47,9.486
Rectum and anus,Chile,Female,2006,1.883056739,2.734938111,227,14269,28,0.047,63.53,9.948
Rectum and anus,Chile,Female,2007,2.013712229,2.851374321,239,16370,29,0.035,63.05,8.968
Rectum and anus,Chile,Female,2008,1.756528885,2.775745676,235,16710,30,0.042,62.75,9.767
Rectum and anus,Chile,Female,2009,1.961468531,3.0753425,263,15860,29,0.044,62.32,9.654
Rectum and anus,Chile,Female,2010,1.843406408,2.975203359,257,17643,30,0.038,62.62,9.24
Rectum and anus,Chile,Female,2011,1.990655437,3.232696548,282,18582,32,0.039,63.21,9.456
Rectum and anus,Chile,Female,2012,1.9776709,3.315596218,292,16176,34,0.042,63.46,9.815
Rectum and anus,Chile,Female,2013,2.040015455,3.385594083,301,17454,36,0.038,62.28,9.763
Rectum and anus,Chile,Female,2014,2.034290437,3.47472494,312,16394,25,0.042,61.6,9.611
Rectum and anus,Chile,Female,2015,1.886594043,3.439471719,312,16984,24,0.042,60.98,10.09
Rectum and anus,Chile,Female,2016,1.937573985,3.496148383,321,17639,24,0.033,61.75,10.35
Rectum and anus,Chile,Female,2017,2.126984158,3.784357044,353,17924,24,0.045,62.9,9.816
Rectum and anus,Chile,Female,2018,2.115477517,3.907088591,371,17962,25,0.041,62.12,9.798
Rectum and anus,Chile,Female,2019,2.273264521,4.218234453,407,18629,25,0.036,59.98,10.2
Rectum and anus,Chile,Female,2020,2.386783545,4.282463707,417,17160,24,0.038,60.8,10.16
Rectum and anus,Chile,Female,2021,2.332607476,4.466490944,437,18934,25,0.032,61.39,9.977
Liver,Chile,Female,2000,2.815107086,3.594378725,280,12526,29,0.044,64.04,9.191
Liver,Chile,Female,2001,2.983699084,3.793720808,299,12482,27,0.045,64.58,9.535
Liver,Chile,Female,2002,3.120603307,4.090281548,326,12498,27,0.049,64.56,9.272
Liver,Chile,Female,2003,3.191662903,4.183784594,337,13283,27,0.04,62.95,9.873
Liver,Chile,Female,2004,3.379458323,4.485597514,365,14037,28,0.041,63.95,9.827
Liver,Chile,Female,2005,3.096568024,4.34365938,357,14076,28,0.046,63.47,9.486
Liver,Chile,Female,2006,3.263868071,4.638551423,385,14269,28,0.047,63.53,9.948
Liver,Chile,Female,2007,3.254308507,5.022713762,421,16370,29,0.035,63.05,8.968
Liver,Chile,Female,2008,3.610469293,5.409751147,458,16710,30,0.042,62.75,9.767
Liver,Chile,Female,2009,3.361797189,5.390619363,461,15860,29,0.044,62.32,9.654
Liver,Chile,Female,2010,3.35941618,5.244230045,453,17643,30,0.038,62.62,9.24
Liver,Chile,Female,2011,3.421548091,5.54831606,484,18582,32,0.039,63.21,9.456
Liver,Chile,Female,2012,3.654390595,6.00667945,529,16176,34,0.042,63.46,9.815
Liver,Chile,Female,2013,3.564424917,5.90510596,525,17454,36,0.038,62.28,9.763
Liver,Chile,Female,2014,3.863565868,6.515109262,585,16394,25,0.042,61.6,9.611
Liver,Chile,Female,2015,3.71765945,6.393889734,580,16984,24,0.042,60.98,10.09
Liver,Chile,Female,2016,3.689643971,6.53485679,600,17639,24,0.033,61.75,10.35
Liver,Chile,Female,2017,3.415950266,6.217923755,580,17924,24,0.045,62.9,9.816
Liver,Chile,Female,2018,3.438814091,6.287147948,597,17962,25,0.041,62.12,9.798
Liver,Chile,Female,2019,3.694088328,7.130578142,688,18629,25,0.036,59.98,10.2
Liver,Chile,Female,2020,3.430203626,6.870427385,669,17160,24,0.038,60.8,10.16
Liver,Chile,Female,2021,3.518990343,7.093237334,694,18934,25,0.032,61.39,9.977
Gallbladder etc.,Chile,Female,2000,14.94158495,17.49692215,1363,12526,29,0.044,64.04,9.191
Gallbladder etc.,Chile,Female,2001,13.51913812,16.12648544,1271,12482,27,0.045,64.58,9.535
Gallbladder etc.,Chile,Female,2002,14.32805569,17.57817315,1401,12498,27,0.049,64.56,9.272
Gallbladder etc.,Chile,Female,2003,14.3857485,17.57934417,1416,13283,27,0.04,62.95,9.873
Gallbladder etc.,Chile,Female,2004,12.24470001,15.66886803,1275,14037,28,0.041,63.95,9.827
Gallbladder etc.,Chile,Female,2005,12.299464,15.91458395,1308,14076,28,0.046,63.47,9.486
Gallbladder etc.,Chile,Female,2006,11.97905382,16.09637585,1336,14269,28,0.047,63.53,9.948
Gallbladder etc.,Chile,Female,2007,11.4963449,15.78396747,1323,16370,29,0.035,63.05,8.968
Gallbladder etc.,Chile,Female,2008,10.43606439,14.74098129,1248,16710,30,0.042,62.75,9.767
Gallbladder etc.,Chile,Female,2009,10.53519595,15.14284615,1295,15860,29,0.044,62.32,9.654
Gallbladder etc.,Chile,Female,2010,9.904904314,14.43610346,1247,17643,30,0.038,62.62,9.24
Gallbladder etc.,Chile,Female,2011,9.90621085,14.76494026,1288,18582,32,0.039,63.21,9.456
Gallbladder etc.,Chile,Female,2012,9.324495591,14.22754131,1253,16176,34,0.042,63.46,9.815
Gallbladder etc.,Chile,Female,2013,8.799229142,13.54237633,1204,17454,36,0.038,62.28,9.763
Gallbladder etc.,Chile,Female,2014,8.072843689,13.15272485,1181,16394,25,0.042,61.6,9.611
Gallbladder etc.,Chile,Female,2015,7.498423331,12.52320472,1136,16984,24,0.042,60.98,10.09
Gallbladder etc.,Chile,Female,2016,6.854418614,11.77363365,1081,17639,24,0.033,61.75,10.35
Gallbladder etc.,Chile,Female,2017,6.717516676,11.42811504,1066,17924,24,0.045,62.9,9.816
Gallbladder etc.,Chile,Female,2018,7.144008324,12.33207747,1171,17962,25,0.041,62.12,9.798
Gallbladder etc.,Chile,Female,2019,6.260135333,11.12079992,1073,18629,25,0.036,59.98,10.2
Gallbladder etc.,Chile,Female,2020,5.710220416,10.33131532,1006,17160,24,0.038,60.8,10.16
Gallbladder etc.,Chile,Female,2021,5.107173922,9.556450875,935,18934,25,0.032,61.39,9.977
Pancreas,Chile,Female,2000,3.87365542,4.801063012,374,12526,29,0.044,64.04,9.191
Pancreas,Chile,Female,2001,3.950218232,4.999083607,394,12482,27,0.045,64.58,9.535
Pancreas,Chile,Female,2002,4.291452257,5.533172277,441,12498,27,0.049,64.56,9.272
Pancreas,Chile,Female,2003,4.692498557,6.108077212,492,13283,27,0.04,62.95,9.873
Pancreas,Chile,Female,2004,4.631430261,6.242968595,508,14037,28,0.041,63.95,9.827
Pancreas,Chile,Female,2005,4.259691649,5.937551197,488,14076,28,0.046,63.47,9.486
Pancreas,Chile,Female,2006,4.363822307,6.253008281,519,14269,28,0.047,63.53,9.948
Pancreas,Chile,Female,2007,4.33636246,6.168035664,517,16370,29,0.035,63.05,8.968
Pancreas,Chile,Female,2008,4.601257409,6.87439993,582,16710,30,0.042,62.75,9.767
Pancreas,Chile,Female,2009,4.485831132,6.75873751,578,15860,29,0.044,62.32,9.654
Pancreas,Chile,Female,2010,4.469312007,7.038613393,608,17643,30,0.038,62.62,9.24
Pancreas,Chile,Female,2011,4.332475522,7.061493168,616,18582,32,0.039,63.21,9.456
Pancreas,Chile,Female,2012,4.640206861,7.653122778,674,16176,34,0.042,63.46,9.815
Pancreas,Chile,Female,2013,4.755265521,7.873474613,700,17454,36,0.038,62.28,9.763
Pancreas,Chile,Female,2014,4.510202812,7.751309481,696,16394,25,0.042,61.6,9.611
Pancreas,Chile,Female,2015,4.386858533,7.815979003,709,16984,24,0.042,60.98,10.09
Pancreas,Chile,Female,2016,4.980390406,8.887405234,816,17639,24,0.033,61.75,10.35
Pancreas,Chile,Female,2017,4.785724201,8.737254931,815,17924,24,0.045,62.9,9.816
Pancreas,Chile,Female,2018,4.54369094,8.351270222,793,17962,25,0.041,62.12,9.798
Pancreas,Chile,Female,2019,4.250959642,8.146270959,786,18629,25,0.036,59.98,10.2
Pancreas,Chile,Female,2020,4.563899421,9.047603178,881,17160,24,0.038,60.8,10.16
Pancreas,Chile,Female,2021,4.494399608,9.004527509,881,18934,25,0.032,61.39,9.977
